hour,Log_NR,T_mean,H_mean,UHI_mean,HI_mean,T_mean_95,T_mean_5,UHI_mean_95,UHI_mean_5
0,Log_401,16.117685700883612,78.69571602960251,0,15.839874074074075,16.117685700883612,16.117685700883612,0,0
0,Log_402,16.084936997846132,80.29788531196176,-0.07751420643196032,15.845553113553114,16.084936997846132,16.084936997846132,-0.07751420643196032,-0.07751420643196032
0,Log_403,18.16683050552357,76.04411899200467,1.012451685997254,18.02430769230769,18.16683050552357,18.16683050552357,1.012451685997254,1.012451685997254
0,Log_404,16.820517511735392,72.50671940733423,1.287174453006451,16.45169298245614,16.820517511735392,16.820517511735392,1.287174453006451,1.287174453006451
0,Log_405,16.8069469631612,78.09754203986293,0.6515300701632433,16.58227106227106,16.8069469631612,16.8069469631612,0.6515300701632433,0.6515300701632433
0,Log_406,18.14673799281261,70.33050077259279,2.0005900861569588,17.853278388278387,18.14673799281261,18.14673799281261,2.0005900861569588,2.0005900861569588
0,Log_407,17.68654349897197,71.92301550970583,1.5402916592490865,17.388736263736263,17.68654349897197,17.68654349897197,1.5402916592490865,1.5402916592490865
0,Log_408,17.63110629865036,72.94148570333051,1.4835906880406002,17.35451282051282,17.63110629865036,17.63110629865036,1.4835906880406002,1.4835906880406002
0,Log_409,17.68175353549581,80.65436442959904,1.5356808914659679,17.61157509157509,17.68175353549581,17.68175353549581,1.5356808914659679,1.5356808914659679
0,Log_410,16.638359224763438,76.23246896284205,0.48313122193682195,16.34826007326007,16.638359224763438,16.638359224763438,0.48313122193682195,0.48313122193682195
0,Log_411,17.940286360977595,71.46867429002928,1.794193447662968,17.65620879120879,17.940286360977595,17.940286360977595,1.794193447662968,1.794193447662968
0,Log_412,19.034542610818647,67.38255415904763,2.891420191076863,18.76235347985348,19.034542610818647,19.034542610818647,2.891420191076863,2.891420191076863
0,Log_413,17.905843520686734,71.7597589968842,1.7621099412527654,17.625906593406594,17.905843520686734,17.905843520686734,1.7621099412527654,1.7621099412527654
0,Log_414,18.51096399848975,70.87534007916247,2.3692586517241283,18.27095238095238,18.51096399848975,18.51096399848975,2.3692586517241283,2.3692586517241283
0,Log_416,18.172186813466283,73.07809062964705,2.0253920014467814,17.9532326007326,18.172186813466283,18.172186813466283,2.0253920014467814,2.0253920014467814
0,Log_417,16.350053600547255,74.04852282753986,1.196532146111273,15.973887005649717,16.350053600547255,16.350053600547255,1.196532146111273,1.196532146111273
0,Log_418,17.87888444812226,74.57931463516266,1.7363917075693225,17.669527472527474,17.87888444812226,17.87888444812226,1.7363917075693225,1.7363917075693225
0,Log_420,17.80167868803712,72.10452625627723,1.654772612316291,17.520146520146522,17.80167868803712,17.80167868803712,1.654772612316291,1.654772612316291
0,Log_421,17.523607467530564,75.24730207357811,1.3747441288087507,17.296424908424907,17.523607467530564,17.523607467530564,1.3747441288087507,1.3747441288087507
0,Log_422,17.873166227480716,73.60537262894782,1.7291412702853155,17.637934065934065,17.873166227480716,17.873166227480716,1.7291412702853155,1.7291412702853155
0,Log_423,17.63252362703038,73.50622881098963,1.484089149422559,17.370622710622712,17.63252362703038,17.63252362703038,1.484089149422559,1.484089149422559
0,Log_424,16.300073067239467,80.06233534020213,0.14057698882983052,16.076102564102563,16.300073067239467,16.300073067239467,0.14057698882983052,0.14057698882983052
0,Log_425,16.97775508487342,76.78662507605057,0.8256008946308022,16.736043956043957,16.97775508487342,16.97775508487342,0.8256008946308022,0.8256008946308022
0,Log_426,16.29839555297326,70.71368247987611,0.1521409961880703,15.830148351648353,16.29839555297326,16.29839555297326,0.1521409961880703,0.1521409961880703
0,Log_427,18.039926795820595,70.49027090632721,1.8938135262751883,17.741490842490844,18.039926795820595,18.039926795820595,1.8938135262751883,1.8938135262751883
0,Log_428,18.096360723277638,70.63107206366533,1.952407463922303,17.807333333333332,18.096360723277638,18.096360723277638,1.952407463922303,1.952407463922303
0,Log_429,17.62913436351294,73.2776089783414,1.4804940956062491,17.36084249084249,17.62913436351294,17.62913436351294,1.4804940956062491,1.4804940956062491
0,Log_430,16.527058978945377,79.71663784406975,0.3998492385776645,16.316644444444446,16.527058978945377,16.527058978945377,0.3998492385776645,0.3998492385776645
0,Log_431,17.552469027119976,73.06679972198397,1.406062635459141,17.271236263736263,17.552469027119976,17.552469027119976,1.406062635459141,1.406062635459141
0,Log_432,17.05035985859973,73.79357157187705,0.8932624988962926,16.737527777777778,17.05035985859973,17.05035985859973,0.8932624988962926,0.8932624988962926
0,Log_433,16.722273085628544,75.05591767785634,0.5636900977425124,16.409945054945055,16.722273085628544,16.722273085628544,0.5636900977425124,0.5636900977425124
0,Log_434,17.101463029367967,74.32557878317778,0.997496334548626,16.807962962962964,17.101463029367967,17.101463029367967,0.997496334548626,0.997496334548626
0,Log_435,16.973581840198914,82.98903495350051,0.8216136980804715,16.893404761904762,16.973581840198914,16.973581840198914,0.8216136980804715,0.8216136980804715
0,Log_436,17.72482799365381,71.19464244841906,1.57674164780482,17.411822344322346,17.72482799365381,17.72482799365381,1.57674164780482,1.57674164780482
0,Log_437,17.310920177708915,72.60812288598967,1.1601930972706127,16.99342490842491,17.310920177708915,17.310920177708915,1.1601930972706127,1.1601930972706127
0,Log_438,17.6579406580551,72.53827932450042,1.5080133177352217,17.373102564102563,17.6579406580551,17.6579406580551,1.5080133177352217,1.5080133177352217
1,Log_401,15.569379169739664,80.21308129102628,0,15.283938888888889,15.569379169739664,15.569379169739664,0,0
1,Log_402,15.520880895508958,81.74407029099179,-0.06961745066956022,15.27534065934066,15.520880895508958,15.520880895508958,-0.06961745066956022,-0.06961745066956022
1,Log_403,17.842181711638396,76.8853287153599,1.0072137290930208,17.6891875,17.842181711638396,17.842181711638396,1.0072137290930208,1.0072137290930208
1,Log_404,16.426660542155137,73.9603504941589,1.265417621661958,16.05605707762557,16.426660542155137,16.426660542155137,1.265417621661958,1.265417621661958
1,Log_405,16.2151414491767,79.84926936952571,0.6234263427232831,15.977527472527473,16.2151414491767,16.2151414491767,0.6234263427232831,0.6234263427232831
1,Log_406,17.517263393323894,72.06153129936223,1.9478842235842309,17.205951851851854,17.517263393323894,17.517263393323894,1.9478842235842309,1.9478842235842309
1,Log_407,17.11126467947251,73.46559083575563,1.516718589727287,16.79632783882784,17.11126467947251,17.11126467947251,1.516718589727287,1.516718589727287
1,Log_408,17.0119832772423,74.63170867136306,1.442604107502635,16.71772962962963,17.0119832772423,17.0119832772423,1.442604107502635,1.442604107502635
1,Log_409,17.125442582278623,82.52261231629127,1.5560634125389599,17.04812962962963,17.125442582278623,17.125442582278623,1.5560634125389599,1.5560634125389599
1,Log_410,16.317242836030506,76.84197516735473,0.7478636662908424,16.01098148148148,16.317242836030506,16.317242836030506,0.7478636662908424,0.7478636662908424
1,Log_411,17.42269468675206,72.8199972307701,1.853315517012396,17.12185185185185,17.42269468675206,17.42269468675206,1.853315517012396,1.853315517012396
1,Log_412,18.542807137266205,68.57007599840628,2.9734279675265407,18.245392592592594,18.542807137266205,18.542807137266205,2.9734279675265407,2.9734279675265407
1,Log_413,17.449102260878412,72.99746742622686,1.8797230911387472,17.155692592592594,17.449102260878412,17.449102260878412,1.8797230911387472,1.8797230911387472
1,Log_414,17.99411842957277,72.24742238509691,2.3983444667678286,17.73562271062271,17.99411842957277,17.99411842957277,2.3983444667678286,2.3983444667678286
1,Log_416,17.70485251025039,74.33777611058835,2.135473340510725,17.4722,17.70485251025039,17.70485251025039,2.135473340510725,2.135473340510725
1,Log_417,15.590082444957702,75.33624930929807,1.245057001694676,15.171715151515151,15.590082444957702,15.590082444957702,1.245057001694676,1.245057001694676
1,Log_418,17.47031357289998,75.5678408342729,1.900934403160313,17.246144444444443,17.47031357289998,17.47031357289998,1.900934403160313,1.900934403160313
1,Log_420,17.273113016532562,73.44962650330011,1.682738867271941,16.973860805860806,17.273113016532562,17.273113016532562,1.682738867271941,1.682738867271941
1,Log_421,16.906618035598733,76.92078448327018,1.3372388658590684,16.661014814814816,16.906618035598733,16.906618035598733,1.3372388658590684,1.3372388658590684
1,Log_422,17.44298652315361,74.73776252993466,1.8560130436379767,17.194212454212455,17.44298652315361,17.44298652315361,1.8560130436379767,1.8560130436379767
1,Log_423,17.037831071324625,74.84359078694168,1.4684519015849602,16.75137037037037,17.037831071324625,17.037831071324625,1.4684519015849602,1.4684519015849602
1,Log_424,15.731059173921766,81.49301334599267,0.16168000418210215,15.487518518518518,15.731059173921766,15.731059173921766,0.16168000418210215,0.16168000418210215
1,Log_425,16.437056534676127,78.0950093108291,0.8676773649364633,16.175574074074074,16.437056534676127,16.437056534676127,0.8676773649364633,0.8676773649364633
1,Log_426,16.00259012115272,71.23994197100171,0.40513091675638374,15.518454212454213,16.00259012115272,16.00259012115272,0.40513091675638374,0.40513091675638374
1,Log_427,17.48054785540099,71.90920776006035,1.911168685661323,17.161498148148148,17.48054785540099,17.48054785540099,1.911168685661323,1.911168685661323
1,Log_428,17.498688289265843,72.09805193153785,1.929309119526179,17.186692592592593,17.498688289265843,17.498688289265843,1.929309119526179,1.929309119526179
1,Log_429,17.02897448069875,74.85822814498331,1.4595953109590858,16.741814814814816,17.02897448069875,17.02897448069875,1.4595953109590858,1.4595953109590858
1,Log_430,15.992867385405724,81.3073125788278,0.40132322564419903,15.770990842490843,15.992867385405724,15.992867385405724,0.40132322564419903,0.40132322564419903
1,Log_431,17.08203787063175,74.08922501123233,1.5126587008920875,16.780662962962964,17.08203787063175,17.08203787063175,1.5126587008920875,1.5126587008920875
1,Log_432,16.510198541591837,74.82317743985045,0.9704820079272616,16.170638576779027,16.510198541591837,16.510198541591837,0.9704820079272616,0.9704820079272616
1,Log_433,16.27328427840368,75.58552752416718,0.7039051086640161,15.930011111111112,16.27328427840368,16.27328427840368,0.7039051086640161,0.7039051086640161
1,Log_434,16.775702236475407,74.74071764265828,1.122291702206757,16.460455056179775,16.775702236475407,16.775702236475407,1.122291702206757,1.122291702206757
1,Log_435,16.47936097194318,83.93326297228792,0.9099818022035154,16.374355555555557,16.47936097194318,16.47936097194318,0.9099818022035154,0.9099818022035154
1,Log_436,17.20239700866656,72.1875962519321,1.6330178389268952,16.863025925925925,17.20239700866656,17.20239700866656,1.6330178389268952,1.6330178389268952
1,Log_437,16.77819598800754,73.79139645482059,1.2088168182678751,16.438555555555556,16.77819598800754,16.77819598800754,1.2088168182678751,1.2088168182678751
1,Log_438,17.11078544402341,73.85966574264812,1.5414062742837442,16.805851851851852,17.11078544402341,17.11078544402341,1.5414062742837442,1.5414062742837442
2,Log_401,15.172635069465008,80.92845314955638,0,14.872616692830979,15.172635069465008,15.172635069465008,0,0
2,Log_402,15.11498523230657,82.46426135208993,-0.05764983715843798,14.855763125763126,15.11498523230657,15.11498523230657,-0.05764983715843798,-0.05764983715843798
2,Log_403,17.357489212719244,77.71622616837483,1.0230886991337043,17.178381944444446,17.357489212719244,17.357489212719244,1.0230886991337043,1.0230886991337043
2,Log_404,15.770904943655392,74.99785512027188,1.1769576540239466,15.361423245614034,15.770904943655392,15.770904943655392,1.1769576540239466,1.1769576540239466
2,Log_405,15.708428683409757,81.05521499000908,0.5357936139447486,15.458681318681318,15.708428683409757,15.708428683409757,0.5357936139447486,0.5357936139447486
2,Log_406,17.005187239785897,73.3243422320002,1.8325521703208907,16.675251526251525,17.005187239785897,17.005187239785897,1.8325521703208907,1.8325521703208907
2,Log_407,16.619738553062497,74.6660109189072,1.4471034835974887,16.286895604395603,16.619738553062497,16.619738553062497,1.4471034835974887,1.4471034835974887
2,Log_408,16.529107637652103,75.97710762982696,1.3564725681870953,16.221727716727717,16.529107637652103,16.529107637652103,1.3564725681870953,1.3564725681870953
2,Log_409,16.66474800267078,83.96533705079051,1.4921129332057728,16.578614163614162,16.66474800267078,16.66474800267078,1.4921129332057728,1.4921129332057728
2,Log_410,16.003955382258813,77.57954387520209,0.8313203127938065,15.685461538461539,16.003955382258813,16.003955382258813,0.8313203127938065,0.8313203127938065
2,Log_411,16.94792475044953,74.0880988701208,1.775289680984524,16.632673992673993,16.94792475044953,16.94792475044953,1.775289680984524,1.775289680984524
2,Log_412,18.059862166188204,69.6965035686183,2.8872270967231968,17.74095115995116,18.059862166188204,18.059862166188204,2.8872270967231968,2.8872270967231968
2,Log_413,17.086697541356237,73.92548484101735,1.9140624718912302,16.780503663003664,17.086697541356237,17.086697541356237,1.9140624718912302,1.9140624718912302
2,Log_414,17.457363900133764,73.54314777584493,2.284728830668757,17.178724053724054,17.457363900133764,17.457363900133764,2.284728830668757,2.284728830668757
2,Log_416,17.26098773725409,75.61948010848481,2.0883526677890814,17.017339438339437,17.26098773725409,17.26098773725409,2.0883526677890814,2.0883526677890814
2,Log_417,15.22684570585692,75.84030397643353,1.3196380354030324,14.784914141414141,15.22684570585692,15.22684570585692,1.3196380354030324,1.3196380354030324
2,Log_418,17.07880020748658,76.77479143369948,1.906165138021574,16.84594017094017,17.07880020748658,17.07880020748658,1.906165138021574,1.906165138021574
2,Log_420,16.784238258039693,74.63903248772168,1.6116031885746835,16.4667094017094,16.784238258039693,16.784238258039693,1.6116031885746835,1.6116031885746835
2,Log_421,16.419394292072425,78.28650276525164,1.2467592226074191,16.160969474969473,16.419394292072425,16.419394292072425,1.2467592226074191,1.2467592226074191
2,Log_422,17.07387243879048,75.4258890879355,1.9012373693254727,16.80578144078144,17.07387243879048,17.07387243879048,1.9012373693254727,1.9012373693254727
2,Log_423,16.525551187020984,76.27059636355021,1.3529161175559752,16.22526862026862,16.525551187020984,16.525551187020984,1.3529161175559752,1.3529161175559752
2,Log_424,15.316981237271921,82.43732699105782,0.14434616780691395,15.071771062271063,15.316981237271921,15.316981237271921,0.14434616780691395,0.14434616780691395
2,Log_425,16.01890350534645,79.30228379274104,0.846268435881444,15.747118437118438,16.01890350534645,16.01890350534645,0.846268435881444,0.846268435881444
2,Log_426,15.676669640219652,71.97010084089507,0.5040345707546439,15.178979853479854,15.676669640219652,15.676669640219652,0.5040345707546439,0.5040345707546439
2,Log_427,17.020277193525782,73.206978254045,1.847642124060773,16.689153235653237,17.020277193525782,17.020277193525782,1.847642124060773,1.847642124060773
2,Log_428,16.974121006279393,73.53825109810461,1.8014859368143872,16.64737728937729,16.974121006279393,16.974121006279393,1.8014859368143872,1.8014859368143872
2,Log_429,16.528442726525373,76.15926145130152,1.3558076570603643,16.22539072039072,16.528442726525373,16.528442726525373,1.3558076570603643,1.3558076570603643
2,Log_430,15.356507428191453,82.60312985792214,0.3060082430043049,15.104335227272728,15.356507428191453,15.356507428191453,0.3060082430043049,0.3060082430043049
2,Log_431,16.64960541734403,75.17931604218292,1.4769703478790226,16.332846153846155,16.64960541734403,16.64960541734403,1.4769703478790226,1.4769703478790226
2,Log_432,16.14415637397485,75.68831328109107,0.9715213045098428,15.789923076923078,16.14415637397485,16.14415637397485,0.9715213045098428,0.9715213045098428
2,Log_433,15.915502037621163,76.27207851805102,0.7428669681561562,15.553942002442003,15.915502037621163,15.915502037621163,0.7428669681561562,0.7428669681561562
2,Log_434,16.48282380782667,75.46150935068593,1.1652108203918214,16.156555555555556,16.48282380782667,16.48282380782667,1.1652108203918214,1.1652108203918214
2,Log_435,16.091479830176418,84.92258831943586,0.9188447607114089,15.97333028083028,16.091479830176418,16.091479830176418,0.9188447607114089,0.9188447607114089
2,Log_436,16.778607581145568,73.326566054936393,1.6059725116805597,16.426465201465202,16.778607581145568,16.778607581145568,1.6059725116805597,1.6059725116805597
2,Log_437,16.381512190137645,74.70148741927181,1.208877120672638,16.025384615384617,16.381512190137645,16.381512190137645,1.208877120672638,1.208877120672638
2,Log_438,16.6816367603381,74.96418374562467,1.5090016908730928,16.362531135531135,16.6816367603381,16.6816367603381,1.5090016908730928,1.5090016908730928
3,Log_401,14.793381594880794,81.54565759257909,0,14.47067216117216,14.793381594880794,14.793381594880794,0,0
3,Log_402,14.708919974255291,83.12223559482658,-0.08446162062550264,14.428307692307692,14.708919974255291,14.708919974255291,-0.08446162062550264,-0.08446162062550264
3,Log_403,17.087718919970854,78.25449311851284,1.0917658779521502,16.8955,17.087718919970854,17.087718919970854,1.0917658779521502,1.0917658779521502
3,Log_404,15.503929113366056,75.51290913252461,1.1910485491213345,15.082142222222222,15.503929113366056,15.503929113366056,1.1910485491213345,1.1910485491213345
3,Log_405,15.312677899654325,81.84289830867995,0.5192963047735308,15.036465201465202,15.312677899654325,15.312677899654325,0.5192963047735308,0.5192963047735308
3,Log_406,16.549709198255776,74.36220649089726,1.7563276033749826,16.202025641025642,16.549709198255776,16.549709198255776,1.7563276033749826,1.7563276033749826
3,Log_407,16.14916134068114,75.69731641035143,1.3557797458003455,15.796313186813187,16.14916134068114,16.14916134068114,1.3557797458003455,1.3557797458003455
3,Log_408,16.09879140721439,77.09357665045465,1.3054098123335935,15.777545787545787,16.09879140721439,16.09879140721439,1.3054098123335935,1.3054098123335935
3,Log_409,16.3166530704869,84.89083553205778,1.5232714756061059,16.220457875457875,16.3166530704869,16.3166530704869,1.5232714756061059,1.5232714756061059
3,Log_410,15.741060267267637,78.11489358788512,0.9476786723868437,15.410421245421245,15.741060267267637,15.741060267267637,0.9476786723868437,0.9476786723868437
3,Log_411,16.569263243559423,75.05690595104649,1.7758816486786273,16.242967032967034,16.569263243559423,16.569263243559423,1.7758816486786273,1.7758816486786273
3,Log_412,17.68166599174839,70.49760941990284,2.8882843968675966,17.347443223443225,17.68166599174839,17.68166599174839,2.8882843968675966,2.8882843968675966
3,Log_413,16.73599740205371,74.77716245632244,1.9426158071729138,16.417673992673993,16.73599740205371,16.73599740205371,1.9426158071729138,1.9426158071729138
3,Log_414,17.042718414313747,74.52406286269871,2.2493368194329513,16.74974358974359,17.042718414313747,17.042718414313747,2.2493368194329513,2.2493368194329513
3,Log_416,16.87957110410761,76.5269506186192,2.0861895092268177,16.621153846153845,16.87957110410761,16.87957110410761,2.0861895092268177,2.0861895092268177
3,Log_417,14.991762093352847,76.19647146678504,1.4051165118800735,14.53570606060606,14.991762093352847,14.991762093352847,1.4051165118800735,1.4051165118800735
3,Log_418,16.722699555727708,77.72523657771998,1.929317960846915,16.479945054945055,16.722699555727708,16.722699555727708,1.929317960846915,1.929317960846915
3,Log_420,16.377703830210123,75.41107735122384,1.5843222353293303,16.04007326007326,16.377703830210123,16.377703830210123,1.5843222353293303,1.5843222353293303
3,Log_421,16.03133381457941,79.15803008822006,1.2379522196986148,15.75702564102564,16.03133381457941,16.03133381457941,1.2379522196986148,1.2379522196986148
3,Log_422,16.65886109008105,76.42213776661019,1.8654794952002551,16.37602564102564,16.65886109008105,16.65886109008105,1.8654794952002551,1.8654794952002551
3,Log_423,16.139433225150782,77.08672965344972,1.346051630269987,15.821575091575092,16.139433225150782,16.139433225150782,1.346051630269987,1.346051630269987
3,Log_424,14.993441555011708,82.9264778544362,0.20005996013091465,14.734967032967033,14.993441555011708,14.993441555011708,0.20005996013091465,0.20005996013091465
3,Log_425,15.727014141983243,79.73233593547167,0.9336325471024488,15.437289377289378,15.727014141983243,15.727014141983243,0.9336325471024488,0.9336325471024488
3,Log_426,15.521283085939377,72.1919874593446,0.7284622438109126,15.017235185185186,15.521283085939377,15.521283085939377,0.7284622438109126,0.7284622438109126
3,Log_427,16.661481044577865,73.88676324565544,1.8680994496970698,16.31252564102564,16.661481044577865,16.661481044577865,1.8680994496970698,1.8680994496970698
3,Log_428,16.559054371025073,74.42508812364615,1.7656727761442796,16.21362271062271,16.559054371025073,16.559054371025073,1.7656727761442796,1.7656727761442796
3,Log_429,16.16002312328703,76.86569391799422,1.366641528406234,15.838516483516484,16.16002312328703,16.16002312328703,1.366641528406234,1.366641528406234
3,Log_430,15.097852390482283,83.24382708286348,0.3044707956014894,14.836604395604395,15.097852390482283,15.097852390482283,0.3044707956014894,0.3044707956014894
3,Log_431,16.271967122676667,75.97299886731106,1.4785855277958733,15.944371794871795,16.271967122676667,16.271967122676667,1.4785855277958733,1.4785855277958733
3,Log_432,15.780851411035664,76.30707898521852,1.0373129710163358,15.40689074074074,15.780851411035664,15.780851411035664,1.0373129710163358,1.0373129710163358
3,Log_433,15.614947874789944,76.71459152352949,0.82156627990915,15.235212454212455,15.614947874789944,15.614947874789944,0.82156627990915,0.82156627990915
3,Log_434,16.192009358866763,75.86352502768588,1.225982863078022,15.847496212121213,16.192009358866763,16.192009358866763,1.225982863078022,1.225982863078022
3,Log_435,15.726476652718356,85.78843911105298,0.9330950578375617,15.594820512820514,15.726476652718356,15.726476652718356,0.9330950578375617,0.9330950578375617
3,Log_436,16.417856087860667,74.12014767994397,1.624474492979872,16.050391941391943,16.417856087860667,16.417856087860667,1.624474492979872,1.624474492979872
3,Log_437,16.01920973916854,75.53137489656143,1.225828144287746,15.64893772893773,16.01920973916854,16.01920973916854,1.225828144287746,1.225828144287746
3,Log_438,16.350390181015037,75.72521897115625,1.5570085861342442,16.018391941391943,16.350390181015037,16.350390181015037,1.5570085861342442,1.5570085861342442
4,Log_401,14.603898044302028,81.30174121472872,0,14.261351449275363,14.603898044302028,14.603898044302028,0,0
4,Log_402,14.532480535071977,82.81182426306111,-0.07141750923004964,14.231277173913043,14.532480535071977,14.532480535071977,-0.07141750923004964,-0.07141750923004964
4,Log_403,16.967631093365434,78.70202803703987,1.044595056642054,16.774985185185184,16.967631093365434,16.967631093365434,1.044595056642054,1.044595056642054
4,Log_404,15.214580596847705,75.59150223695886,1.0629045445078862,14.775333333333332,15.214580596847705,15.214580596847705,1.0629045445078862,1.0629045445078862
4,Log_405,14.9987859817135,81.93543947918083,0.3948879374114727,14.703757246376812,14.9987859817135,14.9987859817135,0.3948879374114727,0.3948879374114727
4,Log_406,16.263513702159372,74.45128384489757,1.659615657857346,15.889601449275363,16.263513702159372,16.263513702159372,1.659615657857346,1.659615657857346
4,Log_407,15.850892749532001,75.88352445811122,1.2469947052299741,15.473025362318841,15.850892749532001,15.850892749532001,1.2469947052299741,1.2469947052299741
4,Log_408,15.724076317776872,77.55567207145646,1.1201782734748438,15.387409420289854,15.724076317776872,15.724076317776872,1.1201782734748438,1.1201782734748438
4,Log_409,15.970099227871378,85.42943137752479,1.3662011835693504,15.853143115942029,15.970099227871378,15.970099227871378,1.3662011835693504,1.3662011835693504
4,Log_410,15.487028518337917,78.29114275975996,0.8831304740358894,15.135579710144928,15.487028518337917,15.487028518337917,0.8831304740358894,0.8831304740358894
4,Log_411,16.25290736889128,75.44257604355677,1.64900932458925,15.90375,16.25290736889128,16.25290736889128,1.64900932458925,1.64900932458925
4,Log_412,17.37057688777874,70.83293817442389,2.7666788434767122,17.012489130434783,17.37057688777874,17.37057688777874,2.7666788434767122,2.7666788434767122
4,Log_413,16.449737694096417,75.10463708406726,1.84583964979439,16.111365942028986,16.449737694096417,16.449737694096417,1.84583964979439,1.84583964979439
4,Log_414,16.713495554427716,74.92749766968198,2.109597510125688,16.39677536231884,16.713495554427716,16.713495554427716,2.109597510125688,2.109597510125688
4,Log_416,16.541132600900283,77.24661813634268,1.9372345565982552,16.267815217391306,16.541132600900283,16.541132600900283,1.9372345565982552,1.9372345565982552
4,Log_417,14.714802869620906,76.55461631651835,1.2646305120326633,14.241184848484849,14.714802869620906,14.714802869620906,1.2646305120326633,1.2646305120326633
4,Log_418,16.40761519179374,78.56595373586191,1.803717147491715,16.155222826086955,16.40761519179374,16.40761519179374,1.803717147491715,1.803717147491715
4,Log_420,16.01276401977923,75.78107477694738,1.4088659754772033,15.656202898550724,16.01276401977923,16.01276401977923,1.4088659754772033,1.4088659754772033
4,Log_421,15.694466144321598,79.27465479227274,1.0905681000195713,15.401981884057971,15.694466144321598,15.694466144321598,1.0905681000195713,1.0905681000195713
4,Log_422,16.40951828484171,76.51274107596008,1.8056202405396828,16.103668478260868,16.40951828484171,16.40951828484171,1.8056202405396828,1.8056202405396828
4,Log_423,15.896457170247562,76.84857604576823,1.2925591259455338,15.553713768115943,15.896457170247562,15.896457170247562,1.2925591259455338,1.2925591259455338
4,Log_424,14.756847416968254,82.72966431257554,0.15294937266622632,14.463532608695653,14.756847416968254,14.756847416968254,0.15294937266622632,0.15294937266622632
4,Log_425,15.46889495379723,79.67095605512266,0.8649969094952027,15.151739130434782,15.46889495379723,15.46889495379723,0.8649969094952027,0.8649969094952027
4,Log_426,15.235569167045378,72.82065452358127,0.6316711227433508,14.719605072463768,15.235569167045378,15.235569167045378,0.6316711227433508,0.6316711227433508
4,Log_427,16.3182477031302,74.31700548882498,1.7143496588281735,15.946139492753623,16.3182477031302,16.3182477031302,1.7143496588281735,1.7143496588281735
4,Log_428,16.218755701400845,74.74620694440299,1.6148576570988171,15.847938405797102,16.218755701400845,16.218755701400845,1.6148576570988171,1.6148576570988171
4,Log_429,15.808512889450597,77.08598064923821,1.2046148451485708,15.465389492753623,15.808512889450597,15.808512889450597,1.2046148451485708,1.2046148451485708
4,Log_430,14.79263030707123,83.03389900904816,0.18873226276920285,14.502981884057972,14.79263030707123,14.79263030707123,0.18873226276920285,0.18873226276920285
4,Log_431,15.921481827942365,76.45774398125573,1.3175837836403381,15.580980072463769,15.921481827942365,15.921481827942365,1.3175837836403381,1.3175837836403381
4,Log_432,15.49445077472708,76.6291533150225,0.890552730425052,15.100320652173913,15.49445077472708,15.49445077472708,0.890552730425052,0.890552730425052
4,Log_433,15.312325157040767,76.96977435168507,0.7084271127387399,14.916670289855073,15.312325157040767,15.312325157040767,0.7084271127387399,0.7084271127387399
4,Log_434,15.823093540629971,76.03191290206816,1.1667378754355178,15.446124074074074,15.823093540629971,15.823093540629971,1.1667378754355178,1.1667378754355178
4,Log_435,15.400238477503446,86.3599853435989,0.79634043320142,15.259213768115941,15.400238477503446,15.400238477503446,0.79634043320142,0.79634043320142
4,Log_436,16.07258712569785,74.66669348052761,1.4686890813958242,15.685277173913043,16.07258712569785,16.07258712569785,1.4686890813958242,1.4686890813958242
4,Log_437,15.72275034471015,75.84927597046827,1.1188523004081234,15.330923913043478,15.72275034471015,15.72275034471015,1.1188523004081234,1.1188523004081234
4,Log_438,16.029496629193606,76.20522686461378,1.425598584891578,15.677492753623188,16.029496629193606,16.029496629193606,1.425598584891578,1.425598584891578
5,Log_401,14.224890823356919,82.14804575329258,0,13.864422101449275,14.224890823356919,14.224890823356919,0,0
5,Log_402,14.144202870907568,83.61534272537189,-0.0806879524493498,13.813677536231884,14.144202870907568,14.144202870907568,-0.0806879524493498,-0.0806879524493498
5,Log_403,16.623447557166624,79.25620666629997,1.0289780950234888,16.41077519379845,16.623447557166624,16.623447557166624,1.0289780950234888,1.0289780950234888
5,Log_404,14.677272941738645,76.61029871877757,0.9879244584720367,14.220583333333334,14.677272941738645,14.677272941738645,0.9879244584720367,0.9879244584720367
5,Log_405,14.57458151026722,82.97575404999873,0.3496906869103021,14.269202898550725,14.57458151026722,14.57458151026722,0.3496906869103021,0.3496906869103021
5,Log_406,15.807541025207241,75.63042061549145,1.5826502018503226,15.4185,15.807541025207241,15.807541025207241,1.5826502018503226,1.5826502018503226
5,Log_407,15.406947194938427,76.89119833632432,1.182056371581509,15.024434782608695,15.406947194938427,15.406947194938427,1.182056371581509,1.182056371581509
5,Log_408,15.299097837973513,78.63512485860525,1.0742070146165947,14.953536231884058,15.299097837973513,15.299097837973513,1.0742070146165947,1.0742070146165947
5,Log_409,15.566628021535124,86.42812917757189,1.3417371981782054,15.44404347826087,15.566628021535124,15.566628021535124,1.3417371981782054,1.3417371981782054
5,Log_410,15.173383400616775,78.79134393282492,0.9484925772598557,14.803351449275363,15.173383400616775,15.173383400616775,0.9484925772598557,0.9484925772598557
5,Log_411,15.847578542498034,76.20285266308633,1.6226877191411162,15.477717391304347,15.847578542498034,15.847578542498034,1.6226877191411162,1.6226877191411162
5,Log_412,16.9807872466643,71.41123575409975,2.755896423307382,16.599271739130433,16.9807872466643,16.9807872466643,2.755896423307382,2.755896423307382
5,Log_413,16.12407367785551,75.63489777008192,1.899182854498592,15.767094202898551,16.12407367785551,16.12407367785551,1.899182854498592,1.899182854498592
5,Log_414,16.32773462681187,75.6688041736742,2.1028438034549524,15.991757246376812,16.32773462681187,16.32773462681187,2.1028438034549524,2.1028438034549524
5,Log_416,16.24439908202609,77.74031107395871,2.01950825866917,15.954449275362318,16.24439908202609,16.24439908202609,2.01950825866917,2.01950825866917
5,Log_417,14.473803264968291,76.80491802899677,1.3522763686302255,13.982381818181818,14.473803264968291,14.473803264968291,1.3522763686302255,1.3522763686302255
5,Log_418,16.162067813083617,78.94117329162535,1.9371769897266977,15.895235507246378,16.162067813083617,16.162067813083617,1.9371769897266977,1.9371769897266977
5,Log_420,15.667844126879872,76.49903525386921,1.4429533035229545,15.303822463768116,15.667844126879872,15.667844126879872,1.4429533035229545,1.4429533035229545
5,Log_421,15.322226175193475,80.09439045736154,1.0973353518365556,15.017032608695652,15.322226175193475,15.322226175193475,1.0973353518365556,1.0973353518365556
5,Log_422,16.153574522630347,76.97451031531995,1.9286836992734273,15.834471014492754,16.153574522630347,16.153574522630347,1.9286836992734273,1.9286836992734273
5,Log_423,15.47336485205936,77.85736117883684,1.2484740287024414,15.124710144927537,15.47336485205936,15.47336485205936,1.2484740287024414,1.2484740287024414
5,Log_424,14.385313730465963,83.60638046878368,0.16042290710904553,14.077483695652173,14.385313730465963,14.385313730465963,0.16042290710904553,0.16042290710904553
5,Log_425,15.112004537900425,80.59803147560271,0.8871137145435064,14.788460144927535,15.112004537900425,15.112004537900425,0.8871137145435064,0.8871137145435064
5,Log_426,14.95270345915392,73.17524261015521,0.7278126357970018,14.430097826086957,14.95270345915392,14.95270345915392,0.7278126357970018,0.7278126357970018
5,Log_427,15.892845937506566,75.35953323978889,1.667955114149647,15.505561594202899,15.892845937506566,15.892845937506566,1.667955114149647,1.667955114149647
5,Log_428,15.780844509461147,75.80513123311694,1.5559536861042278,15.39918115942029,15.780844509461147,15.780844509461147,1.5559536861042278,1.5559536861042278
5,Log_429,15.392011736178146,78.11136031415893,1.1671209128212274,15.04211956521739,15.392011736178146,15.392011736178146,1.1671209128212274,1.1671209128212274
5,Log_430,14.387964709088958,83.92383619550567,0.16307388573204049,14.088773550724637,14.387964709088958,14.387964709088958,0.16307388573204049,0.16307388573204049
5,Log_431,15.615524064472686,77.06797631645,1.3906332411157662,15.260878623188406,15.615524064472686,15.615524064472686,1.3906332411157662,1.3906332411157662
5,Log_432,15.102423739125502,77.37577912537857,0.9304442918542255,14.688496336996337,15.102423739125502,15.102423739125502,0.9304442918542255,0.9304442918542255
5,Log_433,14.941609500620865,77.62216630011842,0.7167186772639469,14.528804347826087,14.941609500620865,14.941609500620865,0.7167186772639469,0.7167186772639469
5,Log_434,15.705460943904807,76.54030924951044,1.2269550907554614,15.330125468164795,15.705460943904807,15.705460943904807,1.2269550907554614,1.2269550907554614
5,Log_435,15.027577157575939,87.25728424793478,0.80268633421902,14.87734963768116,15.027577157575939,15.027577157575939,0.80268633421902,0.80268633421902
5,Log_436,15.649116994680352,75.63879649164126,1.4242261713234325,15.244545289855072,15.649116994680352,15.649116994680352,1.4242261713234325,1.4242261713234325
5,Log_437,15.310557031700066,76.62648747820337,1.0856662083431465,14.908188405797102,15.310557031700066,15.310557031700066,1.0856662083431465,1.0856662083431465
5,Log_438,15.615621783027766,77.0671898686729,1.3907309596708473,15.250199275362318,15.615621783027766,15.615621783027766,1.3907309596708473,1.3907309596708473
6,Log_401,13.9726511748894,82.58632884933706,0,13.605545289855073,13.9726511748894,13.9726511748894,0,0
6,Log_402,13.904621161609628,84.0022888532845,-0.06803001327977189,13.572134057971015,13.904621161609628,13.904621161609628,-0.06803001327977189,-0.06803001327977189
6,Log_403,16.259395831448135,80.23979996486877,0.9694649524515869,16.03594573643411,16.259395831448135,16.259395831448135,0.9694649524515869,0.9694649524515869
6,Log_404,14.448151724844301,77.01605324005124,0.9855836210077016,13.980623287671232,14.448151724844301,14.448151724844301,0.9855836210077016,0.9855836210077016
6,Log_405,14.288648310505616,83.61692322279389,0.3159971356162155,13.971938405797102,14.288648310505616,14.288648310505616,0.3159971356162155,0.3159971356162155
6,Log_406,15.47419400851188,76.34850790538964,1.5015428336224808,15.086876811594204,15.47419400851188,15.47419400851188,1.5015428336224808,1.5015428336224808
6,Log_407,15.096883317134443,77.54653117097513,1.1242321422450439,14.703246376811594,15.096883317134443,15.096883317134443,1.1242321422450439,1.1242321422450439
6,Log_408,14.950563809801821,79.43705764040236,0.9779126349124208,14.590952898550725,14.950563809801821,14.950563809801821,0.9779126349124208,0.9779126349124208
6,Log_409,15.266874902557877,87.32253315243652,1.2942237276684767,15.142047101449275,15.266874902557877,15.266874902557877,1.2942237276684767,1.2942237276684767
6,Log_410,14.905436220052787,79.30365108034981,0.9327850451633877,14.532427536231884,14.905436220052787,14.905436220052787,0.9327850451633877,0.9327850451633877
6,Log_411,15.4978767292176,76.96673740550187,1.5252255543281994,15.112909420289855,15.4978767292176,15.4978767292176,1.5252255543281994,1.5252255543281994
6,Log_412,16.675510126793625,71.96982272720739,2.702858951904226,16.277835144927536,16.675510126793625,16.675510126793625,2.702858951904226,2.702858951904226
6,Log_413,15.874997788547551,75.95080582562919,1.902346613658151,15.500942028985508,15.874997788547551,15.874997788547551,1.902346613658151,1.902346613658151
6,Log_414,16.091386337425625,75.95327643266182,2.1187351625362263,15.73911231884058,16.091386337425625,16.091386337425625,2.1187351625362263,2.1187351625362263
6,Log_416,15.917367006014045,78.2991948654497,1.9447158311246453,15.616807971014493,15.917367006014045,15.917367006014045,1.9447158311246453,1.9447158311246453
6,Log_417,14.220177860084018,77.34286270810647,1.344160187362293,13.717369696969698,14.220177860084018,14.220177860084018,1.344160187362293,1.344160187362293
6,Log_418,15.892731287518673,79.47784166111039,1.9200801126292733,15.612608695652174,15.892731287518673,15.892731287518673,1.9200801126292733,1.9200801126292733
6,Log_420,15.363491463240685,76.97373457926564,1.3908402883512847,14.981246376811594,15.363491463240685,15.363491463240685,1.3908402883512847,1.3908402883512847
6,Log_421,15.007232831665345,80.70643618356382,1.0345816567759456,14.686246376811594,15.007232831665345,15.007232831665345,1.0345816567759456,1.0345816567759456
6,Log_422,15.868375179542296,77.2607907822239,1.895724004652896,15.535416666666666,15.868375179542296,15.868375179542296,1.895724004652896,1.895724004652896
6,Log_423,15.188544289311055,78.35719780778719,1.2158931144216556,14.82483695652174,15.188544289311055,15.188544289311055,1.2158931144216556,1.2158931144216556
6,Log_424,14.127128246550411,83.99717245072054,0.15447707166101066,13.8045634057971,14.127128246550411,14.127128246550411,0.15447707166101066,0.15447707166101066
6,Log_425,14.862972186562551,80.90016425563063,0.8903210116731518,14.529528985507246,14.862972186562551,14.862972186562551,0.8903210116731518,0.8903210116731518
6,Log_426,14.754145644046826,73.51918911843765,0.7814944691574256,14.230141304347827,14.754145644046826,14.754145644046826,0.7814944691574256,0.7814944691574256
6,Log_427,15.59690916348494,76.0743002411589,1.6242579885955397,15.201483695652174,15.59690916348494,15.59690916348494,1.6242579885955397,1.6242579885955397
6,Log_428,15.480321252168606,76.44344832333203,1.5076700772792058,15.09626811594203,15.480321252168606,15.480321252168606,1.5076700772792058,1.5076700772792058
6,Log_429,15.101473186691921,78.6599974789442,1.1288220118025216,14.73731884057971,15.101473186691921,15.101473186691921,1.1288220118025216,1.1288220118025216
6,Log_430,14.122943763869953,84.44522999381898,0.15029258898055362,13.81091847826087,14.122943763869953,14.122943763869953,0.15029258898055362,0.15029258898055362
6,Log_431,15.323646480528714,77.46855362993334,1.350995305639314,14.950583333333334,15.323646480528714,15.323646480528714,1.350995305639314,1.350995305639314
6,Log_432,14.843275125140565,77.89189266328536,0.8706239502511657,14.430686594202898,14.843275125140565,14.843275125140565,0.8706239502511657,0.8706239502511657
6,Log_433,14.659571497916259,78.21484834135538,0.6869203230268592,14.239722826086957,14.659571497916259,14.659571497916259,0.6869203230268592,0.6869203230268592
6,Log_434,15.428204301729727,77.06866717015724,1.1991261638218875,15.038868913857678,15.428204301729727,15.428204301729727,1.1991261638218875,1.1991261638218875
6,Log_435,14.678854948622432,88.24149530674504,0.7062037737330311,14.51948188405797,14.678854948622432,14.678854948622432,0.7062037737330311,0.7062037737330311
6,Log_436,15.309898157086101,76.47936023786383,1.3372469821967021,14.893617753623188,15.309898157086101,15.309898157086101,1.3372469821967021,1.3372469821967021
6,Log_437,14.982164636000455,77.42929309263884,1.009513461111056,14.573442028985507,14.982164636000455,14.982164636000455,1.009513461111056,1.009513461111056
6,Log_438,15.302167748619777,77.80676383788727,1.3295165737303773,14.934753623188406,15.302167748619777,15.302167748619777,1.3295165737303773,1.3295165737303773
7,Log_401,13.971953116102359,82.40603345042975,0,13.604710144927536,13.971953116102359,13.971953116102359,0,0
7,Log_402,13.936092825163675,83.90440098387519,-0.035860290938684446,13.607047101449275,13.936092825163675,13.936092825163675,-0.035860290938684446,-0.035860290938684446
7,Log_403,16.226098274621965,80.580921071079,0.8594145230675331,16.008333333333333,16.226098274621965,16.226098274621965,0.8594145230675331,0.8594145230675331
7,Log_404,14.366165923399013,77.0890714049065,0.8944900473203867,13.892566210045661,14.366165923399013,14.366165923399013,0.8944900473203867,0.8944900473203867
7,Log_405,14.227654516946913,83.73381507060614,0.25570140084455384,13.910641304347827,14.227654516946913,14.227654516946913,0.25570140084455384,0.25570140084455384
7,Log_406,15.34534628857464,76.4668171560058,1.373393172472282,14.948586956521739,15.34534628857464,15.34534628857464,1.373393172472282,1.373393172472282
7,Log_407,14.946130193181428,77.73272233666489,0.9741770770790691,14.542425724637681,14.946130193181428,14.946130193181428,0.9741770770790691,0.9741770770790691
7,Log_408,14.810644384071793,79.60401815381316,0.8386912679694332,14.441811594202898,14.810644384071793,14.810644384071793,0.8386912679694332,0.8386912679694332
7,Log_409,15.07115140930336,87.79639212590241,1.099198293201,14.939329710144927,15.07115140930336,15.07115140930336,1.099198293201,1.099198293201
7,Log_410,14.744713384705374,79.73558575293875,0.7727602686030144,14.361902173913043,14.744713384705374,14.744713384705374,0.7727602686030144,0.7727602686030144
7,Log_411,15.314649600888119,77.35972563615194,1.3426964847857599,14.921721014492753,15.314649600888119,15.314649600888119,1.3426964847857599,1.3426964847857599
7,Log_412,16.44874744715458,72.55438770133892,2.4767943310522202,16.04370108695652,16.44874744715458,16.44874744715458,2.4767943310522202,2.4767943310522202
7,Log_413,15.647045554814719,76.54110675454979,1.6750924387123596,15.265815217391305,15.647045554814719,15.647045554814719,1.6750924387123596,1.6750924387123596
7,Log_414,15.948335080380769,76.20412770363883,1.9763819642784088,15.588278985507246,15.948335080380769,15.948335080380769,1.9763819642784088,1.9763819642784088
7,Log_416,15.693038098902788,78.86764249770286,1.7210849828004282,15.392264492753624,15.693038098902788,15.693038098902788,1.7210849828004282,1.7210849828004282
7,Log_417,13.996230327999612,78.01669764710506,1.326251991186759,13.48840909090909,13.996230327999612,13.996230327999612,1.326251991186759,1.326251991186759
7,Log_418,15.73146761383175,79.76967667459472,1.7595144977293913,15.443083333333334,15.73146761383175,15.73146761383175,1.7595144977293913,1.7595144977293913
7,Log_420,15.194688948155815,77.26382461855209,1.2227358320534552,14.803851449275362,15.194688948155815,15.194688948155815,1.2227358320534552,1.2227358320534552
7,Log_421,14.825415366056195,80.9088628656222,0.8534622499538357,14.491807971014493,14.825415366056195,14.825415366056195,0.8534622499538357,0.8534622499538357
7,Log_422,15.683309781364754,77.70786526560097,1.7113566652623944,15.341141304347826,15.683309781364754,15.683309781364754,1.7113566652623944,1.7113566652623944
7,Log_423,15.090661257453977,78.12989504999541,1.1187081413516173,14.711358695652175,15.090661257453977,15.090661257453977,1.1187081413516173,1.1187081413516173
7,Log_424,14.006303606989517,83.96061403188693,0.03435049088715719,13.673585144927536,14.006303606989517,14.006303606989517,0.03435049088715719,0.03435049088715719
7,Log_425,14.724013498705748,81.01956195549894,0.7520603826033877,14.382192028985507,14.724013498705748,14.724013498705748,0.7520603826033877,0.7520603826033877
7,Log_426,14.573853458656343,73.84561090268171,0.6019003425539838,14.060246376811595,14.573853458656343,14.573853458656343,0.6019003425539838,0.6019003425539838
7,Log_427,15.513612319117012,75.97227626459144,1.5416592030146519,15.120864130434782,15.513612319117012,15.513612319117012,1.5416592030146519,1.5416592030146519
7,Log_428,15.349507067249164,76.54413782656242,1.3775539511468036,14.955152173913044,15.349507067249164,15.349507067249164,1.3775539511468036,1.3775539511468036
7,Log_429,14.961624389224477,78.80433276056715,0.9896712731221173,14.58711956521739,14.961624389224477,14.961624389224477,0.9896712731221173,0.9896712731221173
7,Log_430,14.027484324180746,84.45289306816544,0.13287754069778918,13.706751851851852,14.027484324180746,14.027484324180746,0.13287754069778918,0.13287754069778918
7,Log_431,15.163405949138806,77.88271340792562,1.1914528330364458,14.785297101449276,15.163405949138806,15.163405949138806,1.1914528330364458,1.1914528330364458
7,Log_432,14.664085772657527,78.23407480876772,0.72759933199393,14.245525925925925,14.664085772657527,14.664085772657527,0.72759933199393,0.72759933199393
7,Log_433,14.491724883152381,78.47639198492232,0.5197717670500218,14.06213768115942,14.491724883152381,14.491724883152381,0.5197717670500218,0.5197717670500218
7,Log_434,15.34607295488647,77.35722251699877,1.0229306541034053,14.97308712121212,15.34607295488647,15.34607295488647,1.0229306541034053,1.0229306541034053
7,Log_435,14.50360881396488,88.67782316783929,0.5316556978625204,14.338561594202899,14.50360881396488,14.50360881396488,0.5316556978625204,0.5316556978625204
7,Log_436,15.137209152538249,76.75990993307039,1.1652560364358904,14.724554347826087,15.137209152538249,15.137209152538249,1.1652560364358904,1.1652560364358904
7,Log_437,14.82385090166445,77.74658814351884,0.8518977855620904,14.407771739130435,14.82385090166445,14.82385090166445,0.8518977855620904,0.8518977855620904
7,Log_438,15.12168447991614,78.19441555734683,1.149731363813782,14.746684782608696,15.12168447991614,15.12168447991614,1.149731363813782,1.149731363813782
8,Log_401,15.061777200588688,79.8727078986447,0,14.731940217391305,15.061777200588688,15.061777200588688,0,0
8,Log_402,14.994818705128248,81.44956817244464,-0.06695849546044111,14.705141304347826,14.994818705128248,14.994818705128248,-0.06695849546044111,-0.06695849546044111
8,Log_403,16.08683178199944,80.54166984562956,-0.18158013529666128,15.854291666666667,16.08683178199944,16.08683178199944,-0.18158013529666128,-0.18158013529666128
8,Log_404,14.892878143650632,75.1969985263359,0.5494556412672684,14.422342342342343,14.892878143650632,14.892878143650632,0.5494556412672684,0.5494556412672684
8,Log_405,14.868956238673217,82.00147448592024,-0.192820961915472,14.573007246376811,14.868956238673217,14.868956238673217,-0.192820961915472,-0.192820961915472
8,Log_406,15.921857705750773,74.71899847741498,0.8600805051620829,15.534192028985506,15.921857705750773,15.921857705750773,0.8600805051620829,0.8600805051620829
8,Log_407,15.51232891650993,75.93687194750454,0.45055171592124094,15.118574275362318,15.51232891650993,15.51232891650993,0.45055171592124094,0.45055171592124094
8,Log_408,15.29350562759362,78.14095645871274,0.23172842700493027,14.934782608695652,15.29350562759362,15.29350562759362,0.23172842700493027,0.23172842700493027
8,Log_409,15.369328453763504,86.56881832696988,0.3075512531748161,15.234945652173913,15.369328453763504,15.369328453763504,0.3075512531748161,0.3075512531748161
8,Log_410,14.873111696040285,79.65595964320426,-0.18866550454840494,14.49590579710145,14.873111696040285,14.873111696040285,-0.18866550454840494,-0.18866550454840494
8,Log_411,15.495278963669154,76.71637610945805,0.43350176308046484,15.113677536231885,15.495278963669154,15.495278963669154,0.43350176308046484,0.43350176308046484
8,Log_412,16.477026326235677,72.20104528446466,1.4152491256469877,16.065757246376812,16.477026326235677,16.477026326235677,1.4152491256469877,1.4152491256469877
8,Log_413,15.739147711754866,75.97461971310827,0.6773705111661762,15.352380434782608,15.739147711754866,15.739147711754866,0.6773705111661762,0.6773705111661762
8,Log_414,16.06669063328258,75.57440625266065,1.0049134326938916,15.702391304347826,16.06669063328258,16.06669063328258,1.0049134326938916,1.0049134326938916
8,Log_416,16.088543791734253,77.46346487052499,1.0267665911455652,15.790804347826088,16.088543791734253,16.088543791734253,1.0267665911455652,1.0267665911455652
8,Log_417,13.859176914487055,78.26854780351003,0.5105207488018196,13.35710606060606,13.859176914487055,13.859176914487055,0.5105207488018196,0.5105207488018196
8,Log_418,16.171075335339122,78.410683858498,1.109298134750432,15.89125,16.171075335339122,16.171075335339122,1.109298134750432,1.109298134750432
8,Log_420,15.796842294691519,75.49227843734347,0.7350650941028299,15.41963768115942,15.796842294691519,15.796842294691519,0.7350650941028299,0.7350650941028299
8,Log_421,15.432156647128485,79.23788593991705,0.3703794465397954,15.115920289855072,15.432156647128485,15.432156647128485,0.3703794465397954,0.3703794465397954
8,Log_422,15.976371114339832,76.62198786354897,0.9145939137511429,15.630213768115942,15.976371114339832,15.976371114339832,0.9145939137511429,0.9145939137511429
8,Log_423,15.515557982624617,76.93678189992514,0.4537807820359292,15.1475,15.515557982624617,15.515557982624617,0.4537807820359292,0.4537807820359292
8,Log_424,14.81454248366013,82.02707135693616,-0.24723471692855803,14.514208333333334,14.81454248366013,14.81454248366013,-0.24723471692855803,-0.24723471692855803
8,Log_425,15.4754740248324,79.01952436080731,0.4136968242437107,15.141829710144927,15.4754740248324,15.4754740248324,0.4136968242437107,0.4136968242437107
8,Log_426,15.034988771350191,72.61021132639601,-0.02678842923849757,14.527585144927537,15.034988771350191,15.034988771350191,-0.02678842923849757,-0.02678842923849757
8,Log_427,16.21730104944476,73.68277785794292,1.1555238488560706,15.832672101449276,16.21730104944476,16.21730104944476,1.1555238488560706,1.1555238488560706
8,Log_428,15.980468037324895,74.4887275357896,0.918690836736206,15.595351449275363,15.980468037324895,15.980468037324895,0.918690836736206,0.918690836736206
8,Log_429,15.723326013425728,76.54710324608048,0.6615488128370389,15.36623188405797,15.723326013425728,15.723326013425728,0.6615488128370389,0.6615488128370389
8,Log_430,14.958357106447158,82.52544151648141,-0.10342009414153104,14.679644927536232,14.958357106447158,14.958357106447158,-0.10342009414153104,-0.10342009414153104
8,Log_431,16.045883837378632,75.22654270922828,0.9841066367899439,15.686652173913043,16.045883837378632,16.045883837378632,0.9841066367899439,0.9841066367899439
8,Log_432,15.06506130485445,76.88942295465527,0.166601714674786,14.656829545454546,15.06506130485445,15.06506130485445,0.166601714674786,0.166601714674786
8,Log_433,15.154338441235627,76.95112731552894,0.09256124064693803,14.750788043478261,15.154338441235627,15.154338441235627,0.09256124064693803,0.09256124064693803
8,Log_434,15.317009358866763,76.72943646386543,0.2552321582780744,14.915786231884057,15.317009358866763,15.317009358866763,0.2552321582780744,0.2552321582780744
8,Log_435,14.92937726604768,87.73031012579847,-0.13239993454100768,14.787891304347825,14.92937726604768,14.92937726604768,-0.13239993454100768,-0.13239993454100768
8,Log_436,15.556240345627904,75.87279303956399,0.49446314503921424,15.16159420289855,15.556240345627904,15.556240345627904,0.49446314503921424,0.49446314503921424
8,Log_437,15.467830692306245,76.21034395825663,0.40605349171755717,15.073460144927537,15.467830692306245,15.467830692306245,0.40605349171755717,0.40605349171755717
8,Log_438,15.615408930729568,76.77951273133175,0.5536317301408804,15.249965579710144,15.615408930729568,15.615408930729568,0.5536317301408804,0.5536317301408804
9,Log_401,16.854953321767436,75.04174752289683,0,16.558061594202897,16.854953321767436,16.854953321767436,0,0
9,Log_402,16.861490789853413,76.49103463355681,0.006537468085976738,16.60808695652174,16.861490789853413,16.861490789853413,0.006537468085976738,0.006537468085976738
9,Log_403,17.25523159478298,79.02585556488052,-1.3188913864125582,17.09973504273504,17.25523159478298,17.25523159478298,-1.3188913864125582,-1.3188913864125582
9,Log_404,16.421011394448154,71.7764400005156,0.11319145926764361,15.993047945205479,16.421011394448154,16.421011394448154,0.11319145926764361,0.11319145926764361
9,Log_405,16.331125750926322,78.29745749311962,-0.5238275708411148,16.071503623188406,16.331125750926322,16.331125750926322,-0.5238275708411148,-0.5238275708411148
9,Log_406,17.01304259367989,72.03181112150494,0.1580892719124533,16.650840579710145,17.01304259367989,17.01304259367989,0.1580892719124533,0.1580892719124533
9,Log_407,16.608341197811104,73.27116746997677,-0.24661212395633228,16.240403985507246,16.608341197811104,16.608341197811104,-0.24661212395633228,-0.24661212395633228
9,Log_408,16.652133139388955,74.51002174963483,-0.20282018237848315,16.321014492753623,16.652133139388955,16.652133139388955,-0.20282018237848315,-0.20282018237848315
9,Log_409,16.366763030707123,83.62567919233334,-0.4881902910603139,16.244652173913043,16.366763030707123,16.366763030707123,-0.4881902910603139,-0.4881902910603139
9,Log_410,15.354109514442444,78.9856131196628,-1.5008438073249937,15.007554347826087,15.354109514442444,15.354109514442444,-1.5008438073249937,-1.5008438073249937
9,Log_411,16.281439251954094,74.8205013804992,-0.5735140698133422,15.918804347826088,16.281439251954094,16.281439251954094,-0.5735140698133422,-0.5735140698133422
9,Log_412,17.047736067020278,71.10978748771262,0.19278274525284111,16.664971014492753,17.047736067020278,17.047736067020278,0.19278274525284111,0.19278274525284111
9,Log_413,16.54796128963061,73.81674246419935,-0.3069920321368268,16.185590579710144,16.54796128963061,16.54796128963061,-0.3069920321368268,-0.3069920321368268
9,Log_414,16.84893250425981,73.74788474573273,-0.006020817507626677,16.515072463768117,16.84893250425981,16.84893250425981,-0.006020817507626677,-0.006020817507626677
9,Log_416,17.222497962699432,74.13985432609857,0.3675446409319948,16.936286231884058,17.222497962699432,17.222497962699432,0.3675446409319948,0.3675446409319948
9,Log_417,14.238479322869344,77.6604393673517,-1.02370049776779,13.745666666666667,14.238479322869344,14.238479322869344,-1.02370049776779,-1.02370049776779
9,Log_418,17.573544615500293,74.1078608288745,0.7185912937328547,17.321485507246376,17.573544615500293,17.573544615500293,0.7185912937328547,0.7185912937328547
9,Log_420,16.882727644150762,72.9918859045338,0.027774322383326704,16.535307971014493,16.882727644150762,16.882727644150762,0.027774322383326704,0.027774322383326704
9,Log_421,17.224234643950627,74.3584363593743,0.3692813221831902,16.94947463768116,17.224234643950627,17.224234643950627,0.3692813221831902,0.3692813221831902
9,Log_422,16.678372506449147,75.09033831628857,-0.1765808153182886,16.36266304347826,16.678372506449147,16.678372506449147,-0.1765808153182886,-0.1765808153182886
9,Log_423,16.52309917369079,74.6661834643066,-0.3318541480766444,16.18338768115942,16.52309917369079,16.52309917369079,-0.3318541480766444,-0.3318541480766444
9,Log_424,16.51344874074369,77.79562917480757,-0.34150458102374753,16.25902536231884,16.51344874074369,16.51344874074369,-0.34150458102374753,-0.34150458102374753
9,Log_425,16.884174072268056,75.53709144798167,0.029220750500617686,16.600416666666668,16.884174072268056,16.884174072268056,0.029220750500617686,0.029220750500617686
9,Log_426,16.30567151859334,69.42633416926236,-0.5492818031740976,15.804675724637681,16.30567151859334,16.30567151859334,-0.5492818031740976,-0.5492818031740976
9,Log_427,17.605713370330932,69.9438257906219,0.750760048563496,17.249264492753625,17.605713370330932,17.605713370330932,0.750760048563496,0.750760048563496
9,Log_428,17.441510399908005,70.62472647097523,0.5865570781405668,17.088184782608696,17.441510399908005,17.441510399908005,0.5865570781405668,0.5865570781405668
9,Log_429,17.106270932779584,73.11792487253742,0.25131761101214856,16.781503623188406,17.106270932779584,17.106270932779584,0.25131761101214856,0.25131761101214856
9,Log_430,16.58212141486346,78.10915049447894,-0.24887611434876214,16.34062271062271,16.58212141486346,16.58212141486346,-0.24887611434876214,-0.24887611434876214
9,Log_431,17.545587917397828,71.22163687840218,0.6906345956303916,17.21884239130435,17.545587917397828,17.545587917397828,0.6906345956303916,0.6906345956303916
9,Log_432,16.659589871400353,72.79868193134006,-0.12107666528205159,16.28202962962963,16.659589871400353,16.659589871400353,-0.12107666528205159,-0.12107666528205159
9,Log_433,16.92950338794515,72.47751174004819,0.07455006617771474,16.57011413043478,16.92950338794515,16.92950338794515,0.07455006617771474,0.07455006617771474
9,Log_434,16.313983884593142,74.54926742873317,-0.5409694371742939,15.947463768115941,16.313983884593142,16.313983884593142,-0.5409694371742939,-0.5409694371742939
9,Log_435,16.326512177362908,83.9495426025257,-0.5284411444045277,16.206947463768117,16.326512177362908,16.326512177362908,-0.5284411444045277,-0.5284411444045277
9,Log_436,16.61540741035601,73.36853772129729,-0.23954591141142603,16.248192028985507,16.61540741035601,16.61540741035601,-0.23954591141142603,-0.23954591141142603
9,Log_437,17.00914255907066,72.37454167647999,0.15418923730322256,16.65606884057971,17.00914255907066,17.00914255907066,0.15418923730322256,0.15418923730322256
9,Log_438,16.80893078485553,73.6729752494242,-0.046022536911905235,16.46926086956522,16.80893078485553,16.80893078485553,-0.046022536911905235,-0.046022536911905235
10,Log_401,18.75843676020005,69.35663817210187,0,18.511302536231884,18.75843676020005,18.75843676020005,0,0
10,Log_402,18.724138998632217,71.00215782472691,-0.03429776156783149,18.514590579710145,18.724138998632217,18.724138998632217,-0.03429776156783149,-0.03429776156783149
10,Log_403,17.35532273987298,75.676975754339,-1.9647810214759176,17.122078787878788,17.35532273987298,17.35532273987298,-1.9647810214759176,-1.9647810214759176
10,Log_404,17.772870490082667,67.80363640706396,-0.2709511697552444,17.375943693693692,17.772870490082667,17.772870490082667,-0.2709511697552444,-0.2709511697552444
10,Log_405,18.01364092978307,72.92044216885988,-0.744795830416981,17.775108695652175,18.01364092978307,18.01364092978307,-0.744795830416981,-0.744795830416981
10,Log_406,18.41386130101959,67.72528097194441,-0.34457545918045834,18.08155072463768,18.41386130101959,18.41386130101959,-0.34457545918045834,-0.34457545918045834
10,Log_407,17.92940705154785,69.56171997925658,-0.8290297086521975,17.59545652173913,17.92940705154785,17.92940705154785,-0.8290297086521975,-0.8290297086521975
10,Log_408,18.503918140876156,68.86116639742234,-0.254518619323893,18.213278985507245,18.503918140876156,18.503918140876156,-0.254518619323893,-0.254518619323893
10,Log_409,17.711602551131545,78.71197766875318,-1.0468342090685037,17.593688405797103,17.711602551131545,17.711602551131545,-1.0468342090685037,-1.0468342090685037
10,Log_410,16.322282705446696,76.68633836549338,-2.436154054753352,16.012644927536233,16.322282705446696,16.322282705446696,-2.436154054753352,-2.436154054753352
10,Log_411,18.129751858449353,69.42272604637637,-0.6286849017506967,17.814855072463768,18.129751858449353,18.129751858449353,-0.6286849017506967,-0.6286849017506967
10,Log_412,18.051018277101626,68.18581093408434,-0.707418483098422,17.692103260869565,18.051018277101626,18.051018277101626,-0.707418483098422,-0.707418483098422
10,Log_413,17.626929423153687,70.16267458034926,-1.1315073370463624,17.27730072463768,17.626929423153687,17.626929423153687,-1.1315073370463624,-1.1315073370463624
10,Log_414,18.370700660007984,69.15284246276191,-0.387736100192065,18.071050724637683,18.370700660007984,18.370700660007984,-0.387736100192065,-0.387736100192065
10,Log_416,18.4813974002165,69.98417650486574,-0.2770393599835473,18.21425724637681,18.4813974002165,18.4813974002165,-0.2770393599835473,-0.2770393599835473
10,Log_417,15.38265142906094,75.35527944310816,-2.186805675463806,14.944052631578947,15.38265142906094,15.38265142906094,-2.186805675463806,-2.186805675463806
10,Log_418,18.619283118988307,71.14011237495619,-0.1391536412117436,18.406141304347827,18.619283118988307,18.619283118988307,-0.1391536412117436,-0.1391536412117436
10,Log_420,18.198992227297506,69.15953970828731,-0.559444532902543,17.882173913043477,18.198992227297506,18.198992227297506,-0.559444532902543,-0.559444532902543
10,Log_421,18.71988001764739,69.80637469136417,-0.038556742552657404,18.477759057971014,18.71988001764739,18.71988001764739,-0.038556742552657404,-0.038556742552657404
10,Log_422,17.645701302711352,72.33201095387685,-1.1127354574886972,17.35432427536232,17.645701302711352,17.645701302711352,-1.1127354574886972,-1.1127354574886972
10,Log_423,17.780877266600545,71.13449735897291,-0.9775594935995041,17.471902173913044,17.780877266600545,17.780877266600545,-0.9775594935995041,-0.9775594935995041
10,Log_424,18.42683077855289,72.16868620650764,-0.3316059816471563,18.2161884057971,18.42683077855289,18.42683077855289,-0.3316059816471563,-0.3316059816471563
10,Log_425,18.200820338285883,72.2579704892728,-0.557616421914167,17.964184782608694,18.200820338285883,18.200820338285883,-0.557616421914167,-0.557616421914167
10,Log_426,17.317434441492157,67.13085654805542,-1.441002318707893,16.856213768115943,17.317434441492157,17.317434441492157,-1.441002318707893,-1.441002318707893
10,Log_427,19.091471271021238,65.5515460540501,0.33303451082118907,18.779208333333333,19.091471271021238,19.091471271021238,0.33303451082118907,0.33303451082118907
10,Log_428,18.871469554381274,66.24673202614379,0.11303279418122596,18.547851449275363,18.871469554381274,18.871469554381274,0.11303279418122596,0.11303279418122596
10,Log_429,18.606521656200968,68.51299670604158,-0.15191510399908054,18.314710144927535,18.606521656200968,18.606521656200968,-0.15191510399908054,-0.15191510399908054
10,Log_430,18.331653389659028,72.35564723408113,-0.4267833705410211,18.11684239130435,18.331653389659028,18.331653389659028,-0.4267833705410211,-0.4267833705410211
10,Log_431,18.896686262899678,67.32079923550089,0.13824950269962996,18.605865942028984,18.896686262899678,18.896686262899678,0.13824950269962996,0.13824950269962996
10,Log_432,18.255360579164655,68.58398714003543,-0.4194023408469889,17.929825925925925,18.255360579164655,18.255360579164655,-0.4194023408469889,-0.4194023408469889
10,Log_433,18.783234536695183,67.50756261451177,0.024797776495135163,18.48943115942029,18.783234536695183,18.783234536695183,0.024797776495135163,0.024797776495135163
10,Log_434,17.597351177543143,71.15101621768653,-1.1610855826569058,17.27042391304348,17.597351177543143,17.597351177543143,-1.1610855826569058,-1.1610855826569058
10,Log_435,18.22856708662149,78.06260608060965,-0.5298696735785615,18.15563043478261,18.22856708662149,18.22856708662149,-0.5298696735785615,-0.5298696735785615
10,Log_436,18.57213875371386,67.59693259105931,-0.1862980064861906,18.25345471014493,18.57213875371386,18.57213875371386,-0.1862980064861906,-0.1862980064861906
10,Log_437,18.67044023383898,67.4918205284708,-0.08799652636106657,18.362373188405797,18.67044023383898,18.67044023383898,-0.08799652636106657,-0.08799652636106657
10,Log_438,18.63161113709568,68.01099492692808,-0.12682562310437098,18.32899275362319,18.63161113709568,18.63161113709568,-0.12682562310437098,-0.12682562310437098
11,Log_401,19.977366406157568,65.7282169169478,0,19.775632246376812,19.977366406157568,19.977366406157568,0,0
11,Log_402,20.149414435034714,66.82484577883486,0.17204802887714596,20.012452898550723,20.149414435034714,20.149414435034714,0.17204802887714596,0.17204802887714596
11,Log_403,18.178213756095936,72.86461531479625,-2.214703207639333,17.954270114942528,18.178213756095936,18.178213756095936,-2.214703207639333,-2.214703207639333
11,Log_404,19.222280965874596,63.81706456536324,-0.21148377511067254,18.880772300469484,19.222280965874596,19.222280965874596,-0.21148377511067254,-0.21148377511067254
11,Log_405,19.470044079775935,68.18162783356166,-0.5073223263816325,19.275543478260868,19.470044079775935,19.470044079775935,-0.5073223263816325,-0.5073223263816325
11,Log_406,19.939272133598266,63.05084046250317,-0.03809427255930261,19.656322463768117,19.939272133598266,19.939272133598266,-0.03809427255930261,-0.03809427255930261
11,Log_407,19.407202341264707,65.09673943450949,-0.5701640648928606,19.12266123188406,19.407202341264707,19.407202341264707,-0.5701640648928606,-0.5701640648928606
11,Log_408,20.131079144565962,63.96876392523964,0.15371273840839594,19.8948115942029,20.131079144565962,20.131079144565962,0.15371273840839594,0.15371273840839594
11,Log_409,19.235534060237754,73.05995717522333,-0.7418323459198147,19.13699275362319,19.235534060237754,19.235534060237754,-0.7418323459198147,-0.7418323459198147
11,Log_410,17.976014448524573,72.06218092887637,-2.0013519576329943,17.710760869565217,17.976014448524573,17.976014448524573,-2.0013519576329943,-2.0013519576329943
11,Log_411,19.88637349994416,64.11396512871207,-0.0909929062134076,19.642228260869565,19.88637349994416,19.88637349994416,-0.0909929062134076,-0.0909929062134076
11,Log_412,19.24457883164544,64.40523794951918,-0.7327875745121257,18.909771739130434,19.24457883164544,19.24457883164544,-0.7327875745121257,-0.7327875745121257
11,Log_413,18.800666172407045,66.01280527718897,-1.176700233750524,18.460967391304347,18.800666172407045,18.800666172407045,-1.176700233750524,-1.176700233750524
11,Log_414,19.68773876775658,64.99951361867704,-0.28962763840098693,19.42855072463768,19.68773876775658,19.68773876775658,-0.28962763840098693,-0.28962763840098693
11,Log_416,19.889068500292463,65.10657659697274,-0.0882979058651036,19.65384420289855,19.889068500292463,19.889068500292463,-0.0882979058651036,-0.0882979058651036
11,Log_417,16.354884070896574,72.45186589775227,-2.6606964647301736,15.937959770114942,16.354884070896574,16.354884070896574,-2.6606964647301736,-2.6606964647301736
11,Log_418,19.292926779915145,69.30792056573377,-0.6844396262424215,19.104329710144928,19.292926779915145,19.292926779915145,-0.6844396262424215,-0.6844396262424215
11,Log_420,19.87672983957018,64.08640421149005,-0.10063656658738611,19.617916666666666,19.87672983957018,19.87672983957018,-0.10063656658738611,-0.10063656658738611
11,Log_421,19.84908564734189,66.1671916101917,-0.12828075881567857,19.643333333333334,19.84908564734189,19.84908564734189,-0.12828075881567857,-0.12828075881567857
11,Log_422,18.45643272816937,70.35302811419498,-1.5209336779881977,18.194822463768116,18.45643272816937,18.45643272816937,-1.5209336779881977,-1.5209336779881977
11,Log_423,19.20742788177133,66.61989665882707,-0.7699385243862392,18.92945652173913,19.20742788177133,19.20742788177133,-0.7699385243862392,-0.7699385243862392
11,Log_424,19.833916534808814,68.05604324992841,-0.1434498713487536,19.673159420289856,19.833916534808814,19.833916534808814,-0.1434498713487536,-0.1434498713487536
11,Log_425,19.342506852738275,69.17124243821478,-0.6348595534192923,19.1556884057971,19.342506852738275,19.342506852738275,-0.6348595534192923,-0.6348595534192923
11,Log_426,17.964980959394417,66.36113080685948,-2.0123854467631523,17.556697463768117,17.964980959394417,17.964980959394417,-2.0123854467631523,-2.0123854467631523
11,Log_427,20.37638851570629,61.80543890143888,0.39902210954872036,20.116034420289854,20.37638851570629,20.37638851570629,0.39902210954872036,0.39902210954872036
11,Log_428,20.150106205003855,62.33105968378442,0.1727397988462854,19.873115942028985,20.150106205003855,20.150106205003855,0.1727397988462854,0.1727397988462854
11,Log_429,20.184681158314564,63.88765061373334,0.20731475215699544,19.96213768115942,20.184681158314564,20.184681158314564,0.20731475215699544,0.20731475215699544
11,Log_430,19.70241154743068,68.00876032333646,-0.27495485872688913,19.531092391304348,19.70241154743068,19.70241154743068,-0.27495485872688913,-0.27495485872688913
11,Log_431,20.268794517707313,62.908931725937904,0.28782183331279243,20.035721611721613,20.268794517707313,20.268794517707313,0.28782183331279243,0.28782183331279243
11,Log_432,19.633663157644495,64.93492193019992,-0.3437032485130743,19.370759057971014,19.633663157644495,19.633663157644495,-0.3437032485130743,-0.3437032485130743
11,Log_433,20.42294705340547,63.03337966326213,0.4455806472479026,20.21150724637681,20.42294705340547,20.42294705340547,0.4455806472479026,0.4455806472479026
11,Log_434,18.990992408636608,67.16982614113711,-0.986373997520962,18.703599637681158,18.990992408636608,18.990992408636608,-0.986373997520962,-0.986373997520962
11,Log_435,19.586588453122182,73.3892773443331,-0.3907779530353843,19.54745652173913,19.586588453122182,19.586588453122182,-0.3907779530353843,-0.3907779530353843
11,Log_436,20.23419350540645,62.71019973009223,0.25682709924887986,19.97973731884058,20.23419350540645,20.23419350540645,0.25682709924887986,0.25682709924887986
11,Log_437,19.653788826194212,64.7170420330767,-0.3235775799633562,19.38532608695652,19.653788826194212,19.653788826194212,-0.3235775799633562,-0.3235775799633562
11,Log_438,20.17587971578413,63.43420403744874,0.19851330962656313,19.93456884057971,20.17587971578413,20.17587971578413,0.19851330962656313,0.19851330962656313
12,Log_401,20.958044669680877,63.02195163719353,0,20.833385869565216,20.958044669680877,20.958044669680877,0,0
12,Log_402,21.341415362739017,63.273534415175874,0.3833706930581407,21.278576086956523,21.341415362739017,21.341415362739017,0.3833706930581407,0.3833706930581407
12,Log_403,19.536741992422826,68.46443689602009,-1.9431789407806201,19.354408212560386,19.536741992422826,19.536741992422826,-1.9431789407806201,-1.9431789407806201
12,Log_404,20.059394784689278,61.22201842021744,-0.2661470412303648,19.758399543378996,20.059394784689278,20.059394784689278,-0.2661470412303648,-0.2661470412303648
12,Log_405,20.574607218401937,64.92159447380148,-0.38343745127893836,20.441739130434783,20.574607218401937,20.574607218401937,-0.38343745127893836,-0.38343745127893836
12,Log_406,21.2096206059822,59.34282903371691,0.2515759363013237,20.993713768115942,21.2096206059822,21.2096206059822,0.2515759363013237,0.2515759363013237
12,Log_407,20.792378339707845,61.04120654634154,-0.1656663299730311,20.575289855072462,20.792378339707845,20.792378339707845,-0.1656663299730311,-0.1656663299730311
12,Log_408,21.339023676915645,60.38330151606122,0.380979007234767,21.17701086956522,21.339023676915645,21.339023676915645,0.380979007234767,0.380979007234767
12,Log_409,20.650938955066604,68.385886565758085,-0.3071057146142729,20.628278985507247,20.650938955066604,20.650938955066604,-0.3071057146142729,-0.3071057146142729
12,Log_410,19.903208181710625,65.99072807096108,-1.0548364879702516,19.706847826086957,19.903208181710625,19.903208181710625,-1.0548364879702516,-1.0548364879702516
12,Log_411,21.249743747947495,60.279385365492274,0.2916990782666193,21.07361231884058,21.249743747947495,21.249743747947495,0.2916990782666193,0.2916990782666193
12,Log_412,21.044349504026503,59.61994061144449,0.08630483434562565,20.80796195652174,21.044349504026503,21.044349504026503,0.08630483434562565,0.08630483434562565
12,Log_413,19.950361738334312,62.520768786564986,-1.0076829313465645,19.64701992753623,19.950361738334312,19.950361738334312,-1.0076829313465645,-1.0076829313465645
12,Log_414,20.880858137536862,61.59704198884764,-0.07718653214401423,20.687753623188406,20.880858137536862,20.880858137536862,-0.07718653214401423,-0.07718653214401423
12,Log_416,21.208542315589746,61.05735706000666,0.2504976459088679,21.056398550724637,21.208542315589746,21.208542315589746,0.2504976459088679,0.2504976459088679
12,Log_417,17.969405754596032,69.23239387499869,-2.4892203238203803,17.632235294117645,17.969405754596032,17.969405754596032,-2.4892203238203803,-2.4892203238203803
12,Log_418,19.806292660299896,67.70995266938897,-1.151752009380981,19.637989130434782,19.806292660299896,19.806292660299896,-1.151752009380981,-1.151752009380981
12,Log_420,21.485210635317117,59.63694909955185,0.5271659656362403,21.337753623188405,21.485210635317117,21.485210635317117,0.5271659656362403,0.5271659656362403
12,Log_421,20.908802741758745,62.825476872077424,-0.04924192792213046,20.76085507246377,20.908802741758745,20.908802741758745,-0.04924192792213046,-0.04924192792213046
12,Log_422,19.531567585304014,67.29076598354901,-1.4264770843768624,19.30981884057971,19.531567585304014,19.531567585304014,-1.4264770843768624,-1.4264770843768624
12,Log_423,21.080363629126158,60.97141518029419,0.1223189594452797,20.893695652173914,21.080363629126158,21.080363629126158,0.1223189594452797,0.1223189594452797
12,Log_424,20.985176081372604,64.95172102140354,0.027131411691728134,20.942702898550724,20.985176081372604,20.985176081372604,0.027131411691728134,0.027131411691728134
12,Log_425,20.646831873221853,65.06561531452935,-0.311212796459022,20.531467391304346,20.646831873221853,20.646831873221853,-0.311212796459022,-0.311212796459022
12,Log_426,18.535396093248103,65.4781697162596,-2.4226485764327723,18.16916847826087,18.535396093248103,18.535396093248103,-2.4226485764327723,-2.4226485764327723
12,Log_427,21.601735658454437,58.4820132206156,0.6436909887735617,21.413449275362318,21.601735658454437,21.601735658454437,0.6436909887735617,0.6436909887735617
12,Log_428,21.324730645091737,59.06608510995894,0.36668597541086023,21.12183695652174,21.324730645091737,21.324730645091737,0.36668597541086023,0.36668597541086023
12,Log_429,21.604144759465846,60.351527781924254,0.6461000897849697,21.505815217391305,21.604144759465846,21.604144759465846,0.6461000897849697,0.6461000897849697
12,Log_430,20.791344796673535,64.99652694848311,-0.16669987300734293,20.694496376811593,20.791344796673535,20.791344796673535,-0.16669987300734293,-0.16669987300734293
12,Log_431,21.504761602661706,59.932434391734475,0.5467169329808278,21.372385869565218,21.504761602661706,21.504761602661706,0.5467169329808278,0.5467169329808278
12,Log_432,20.785203411239117,61.89351993139092,-0.14192946093266517,20.592994444444443,20.785203411239117,20.785203411239117,-0.14192946093266517,-0.14192946093266517
12,Log_433,21.574506044452406,59.96874955079872,0.6164613747715293,21.437289855072464,21.574506044452406,21.574506044452406,0.6164613747715293,0.6164613747715293
12,Log_434,20.188411878595684,63.54866328756732,-0.7696327910851926,19.955009057971015,20.188411878595684,20.188411878595684,-0.7696327910851926,-0.7696327910851926
12,Log_435,20.686836978912694,69.43134690999278,-0.2712076907681811,20.701505434782607,20.686836978912694,20.686836978912694,-0.2712076907681811,-0.2712076907681811
12,Log_436,21.077957462542035,60.45455752888804,0.13669736077609715,20.87977838827839,21.077957462542035,21.077957462542035,0.13669736077609715,0.13669736077609715
12,Log_437,20.57041789816925,62.147109686935735,-0.3876267715116272,20.352409420289856,20.57041789816925,20.57041789816925,-0.3876267715116272,-0.3876267715116272
12,Log_438,21.321864879149654,60.49195155702838,0.3638202094687763,21.160916666666665,21.321864879149654,21.321864879149654,0.3638202094687763,0.3638202094687763
13,Log_401,21.757130897529034,60.941196373660276,0,21.68045652173913,21.757130897529034,21.757130897529034,0,0
13,Log_402,22.30338149047472,60.83000108914033,0.5462505929456879,22.318231884057973,22.30338149047472,22.30338149047472,0.5462505929456879,0.5462505929456879
13,Log_403,20.353688463110576,66.59078196590013,-1.8559462639169468,20.231135265700484,20.353688463110576,20.353688463110576,-1.8559462639169468,-1.8559462639169468
13,Log_404,20.903467183136442,59.52113297206568,-0.10989425566559952,20.669630630630632,20.903467183136442,20.903467183136442,-0.10989425566559952,-0.10989425566559952
13,Log_405,21.434327325922755,62.82903869267777,-0.3228035716062771,21.376521739130435,21.434327325922755,21.434327325922755,-0.3228035716062771,-0.3228035716062771
13,Log_406,22.34311956328237,56.69823425197068,0.5859886657533365,22.192445652173912,22.34311956328237,22.34311956328237,0.5859886657533365,0.5859886657533365
13,Log_407,21.711397646240584,58.884533156859426,-0.04573325128844751,21.55226811594203,21.711397646240584,21.711397646240584,-0.04573325128844751,-0.04573325128844751
13,Log_408,22.42380606446605,57.92338167291955,0.6666751669370167,22.326027173913044,22.42380606446605,22.42380606446605,0.6666751669370167,0.6666751669370167
13,Log_409,21.8448226580995,64.78612573434043,0.08769176057046636,21.911539855072462,21.8448226580995,21.8448226580995,0.08769176057046636,0.08769176057046636
13,Log_410,21.411363465478676,61.762631401740194,-0.3457674320503593,21.332916666666666,21.411363465478676,21.411363465478676,-0.3457674320503593,-0.3457674320503593
13,Log_411,22.31887858904911,57.99135170055165,0.5617476915200754,22.222572463768117,22.31887858904911,22.31887858904911,0.5617476915200754,0.5617476915200754
13,Log_412,22.51035519519938,56.320293918616336,0.7532242976703457,22.357657608695654,22.51035519519938,22.51035519519938,0.7532242976703457,0.7532242976703457
13,Log_413,21.03009565637567,59.82411157662185,-0.7270352411533606,20.806498188405797,21.03009565637567,21.03009565637567,-0.7270352411533606,-0.7270352411533606
13,Log_414,21.88301416545866,59.30260686014664,0.12588326792962698,21.77190579710145,21.88301416545866,21.88301416545866,0.12588326792962698,0.12588326792962698
13,Log_416,22.173569162622474,58.81433405426683,0.4164382650934393,22.08704347826087,22.173569162622474,22.173569162622474,0.4164382650934393,0.4164382650934393
13,Log_417,19.34326194089107,65.45232641802939,-2.2020143498385085,19.05785185185185,19.34326194089107,19.34326194089107,-2.2020143498385085,-2.2020143498385085
13,Log_418,20.131181700673277,66.58023633239458,-1.6259491968557567,19.97301086956522,20.131181700673277,20.131181700673277,-1.6259491968557567,-1.6259491968557567
13,Log_420,22.524572277453245,57.424725752253195,0.7674413799242136,22.43614855072464,22.524572277453245,22.524572277453245,0.7674413799242136,0.7674413799242136
13,Log_421,21.969664401033633,60.04986217122613,0.21253350350459915,21.8876884057971,21.969664401033633,21.969664401033633,0.21253350350459915,0.21253350350459915
13,Log_422,20.547976493366196,64.49932523057156,-1.2091544041628381,20.387753623188406,20.547976493366196,20.547976493366196,-1.2091544041628381,-1.2091544041628381
13,Log_423,22.095915806688097,58.53996122218131,0.33878490915906223,21.972753623188407,22.095915806688097,22.095915806688097,0.33878490915906223,0.33878490915906223
13,Log_424,21.905154190757678,62.99304311613553,0.1480232932286435,21.95909420289855,21.905154190757678,21.905154190757678,0.1480232932286435,0.1480232932286435
13,Log_425,21.598412260071232,62.350822466808864,-0.15871863745780254,21.555144927536233,21.598412260071232,21.598412260071232,-0.15871863745780254,-0.15871863745780254
13,Log_426,19.239307834733737,63.6859868827698,-2.5178230627952978,18.910579710144926,19.239307834733737,19.239307834733737,-2.5178230627952978,-2.5178230627952978
13,Log_427,22.620775711175465,56.2364014333529,0.8636448136464311,22.491878623188406,22.620775711175465,22.620775711175465,0.8636448136464311,0.8636448136464311
13,Log_428,22.318748942649297,56.766204279602775,0.5616180451202644,22.166423913043477,22.318748942649297,22.318748942649297,0.5616180451202644,0.5616180451202644
13,Log_429,22.73048172068692,57.98197721540542,0.9733508231578879,22.711322463768116,22.73048172068692,22.73048172068692,0.9733508231578879,0.9733508231578879
13,Log_430,21.515039351988772,63.29968197512322,-0.09710695802825986,21.51488576779026,21.515039351988772,21.515039351988772,-0.09710695802825986,-0.09710695802825986
13,Log_431,22.369261695542708,58.08299394449033,0.6121307980136736,22.292034420289855,22.369261695542708,22.369261695542708,0.6121307980136736,0.6121307980136736
13,Log_432,21.784088752731464,59.708153809263905,-0.0030933754325833318,21.673716117216117,21.784088752731464,21.784088752731464,-0.0030933754325833318,-0.0030933754325833318
13,Log_433,22.609424878618903,57.581309025048014,0.8522939810898701,22.559619565217393,22.609424878618903,22.609424878618903,0.8522939810898701,0.8522939810898701
13,Log_434,21.42264076724131,60.69600572987329,-0.33449013028772084,21.29132971014493,21.42264076724131,21.42264076724131,-0.33449013028772084,-0.33449013028772084
13,Log_435,21.75212693350052,66.4893345794868,-0.005003964028514354,21.870208333333334,21.75212693350052,21.75212693350052,-0.005003964028514354,-0.005003964028514354
13,Log_436,21.967963517668952,58.4967760478691,0.2108326201399185,21.828864130434784,21.967963517668952,21.967963517668952,0.2108326201399185,0.2108326201399185
13,Log_437,21.39621225188886,60.533547595432466,-0.3609186456401768,21.24626811594203,21.39621225188886,21.39621225188886,-0.3609186456401768,-0.3609186456401768
13,Log_438,22.294829181884225,58.4161903750955,0.53769828435519,22.208865942028986,22.294829181884225,22.294829181884225,0.53769828435519,0.53769828435519
14,Log_401,22.48208260493618,59.188272004228295,0,22.469889492753623,22.48208260493618,22.48208260493618,0,0
14,Log_402,23.071363708738446,58.79608335185425,0.589281103802261,23.13919927536232,23.071363708738446,23.071363708738446,0.589281103802261,0.589281103802261
14,Log_403,21.18532923583716,64.13170256276769,-1.7165279516857477,21.170889705882352,21.18532923583716,21.18532923583716,-1.7165279516857477,-1.7165279516857477
14,Log_404,21.681288030992768,57.660932665327266,0.04657172164153186,21.499593333333333,21.681288030992768,21.681288030992768,0.04657172164153186,0.04657172164153186
14,Log_405,22.18871553866006,60.70807300391537,-0.2933670662761237,22.186634057971016,22.18871553866006,22.18871553866006,-0.2933670662761237,-0.2933670662761237
14,Log_406,23.272255159042132,54.30840570311472,0.7901725541059487,23.162891304347827,23.272255159042132,23.272255159042132,0.7901725541059487,0.7901725541059487
14,Log_407,22.65376926866162,56.572879797607875,0.17168666372543506,22.55525,22.65376926866162,22.65376926866162,0.17168666372543506,0.17168666372543506
14,Log_408,23.33103093490258,55.608000979673434,0.8489483299663968,23.297358695652175,23.33103093490258,23.33103093490258,0.8489483299663968,0.8489483299663968
14,Log_409,22.83980072601984,61.538359024882155,0.3577181210836562,22.964909420289857,22.83980072601984,22.83980072601984,0.3577181210836562,0.3577181210836562
14,Log_410,22.69505632569387,58.21176094641319,0.21297372075768828,22.683985507246376,22.69505632569387,22.69505632569387,0.21297372075768828,0.21297372075768828
14,Log_411,23.246353453127714,55.80808490429387,0.7642708481915295,23.210452898550724,23.246353453127714,23.246353453127714,0.7642708481915295,0.7642708481915295
14,Log_412,23.143338262107978,54.7542604322505,0.661255657171796,23.02710507246377,23.143338262107978,23.143338262107978,0.661255657171796,0.661255657171796
14,Log_413,21.887909768317183,57.62339503838528,-0.5941728366189988,21.707572463768116,21.887909768317183,21.887909768317183,-0.5941728366189988,-0.5941728366189988
14,Log_414,22.72756467669118,57.16777571006974,0.24548207175499806,22.666286231884058,22.72756467669118,22.72756467669118,0.24548207175499806,0.24548207175499806
14,Log_416,23.120166386917933,56.34374257090193,0.638083781981749,23.058755434782608,23.120166386917933,23.120166386917933,0.638083781981749,0.638083781981749
14,Log_417,20.4961925349474,62.31289726439646,-1.8553587141730876,20.292937777777777,20.4961925349474,20.4961925349474,-1.8553587141730876,-1.8553587141730876
14,Log_418,20.864149232128423,63.972273223844326,-1.6179333728077592,20.738894927536233,20.864149232128423,20.864149232128423,-1.6179333728077592,-1.6179333728077592
14,Log_420,23.27069891848918,55.60000865230771,0.7886163135529967,23.23955797101449,23.27069891848918,23.27069891848918,0.7886163135529967,0.7886163135529967
14,Log_421,22.85782641314576,57.7069948517387,0.37574380820957537,22.824684782608696,22.85782641314576,22.85782641314576,0.37574380820957537,0.37574380820957537
14,Log_422,21.64993219133929,60.78382872632502,-0.8321504135968941,21.55664855072464,21.64993219133929,21.64993219133929,-0.8321504135968941,-0.8321504135968941
14,Log_423,22.964193544106866,56.36471094105042,0.4821109391706836,22.89264492753623,22.964193544106866,22.964193544106866,0.4821109391706836,0.4821109391706836
14,Log_424,22.66205260934803,61.14826157723,0.17997000441184788,22.801210144927538,22.66205260934803,22.66205260934803,0.17997000441184788,0.17997000441184788
14,Log_425,22.407120379308324,60.14475006717287,-0.07496222562785865,22.411213768115942,22.407120379308324,22.407120379308324,-0.07496222562785865,-0.07496222562785865
14,Log_426,20.102808005568438,61.54253901554983,-2.3792745993677453,19.83436231884058,20.102808005568438,20.102808005568438,-2.3792745993677453,-2.3792745993677453
14,Log_427,23.554969451548736,53.95036256762898,1.0728868466125523,23.475041666666666,23.554969451548736,23.554969451548736,1.0728868466125523,1.0728868466125523
14,Log_428,23.280374022952664,54.33741719492737,0.7982914180164818,23.168688405797102,23.280374022952664,23.280374022952664,0.7982914180164818,0.7982914180164818
14,Log_429,23.4989994559827,56.16825103413045,1.0169168510465147,23.558423913043477,23.4989994559827,23.4989994559827,1.0169168510465147,1.0169168510465147
14,Log_430,22.455336060394426,60.92843889027226,0.034632110850925414,22.553712454212455,22.455336060394426,22.455336060394426,0.034632110850925414,0.034632110850925414
14,Log_431,23.07996777913782,56.31213504123806,0.5978851742016383,23.033989130434783,23.07996777913782,23.07996777913782,0.5978851742016383,0.5978851742016383
14,Log_432,22.498248038226677,57.74017170638251,0.057542124790541986,22.427759259259258,22.498248038226677,22.498248038226677,0.057542124790541986,0.057542124790541986
14,Log_433,23.505660765405807,55.435845626244635,1.0235781604696241,23.504641304347825,23.505660765405807,23.505660765405807,1.0235781604696241,1.0235781604696241
14,Log_434,22.39505891032892,58.01938462465571,-0.08702369460726223,22.317672101449276,22.39505891032892,22.39505891032892,-0.08702369460726223,-0.08702369460726223
14,Log_435,22.78224401332179,63.20403122902576,0.3001614083856067,22.96184963768116,22.78224401332179,22.78224401332179,0.3001614083856067,0.3001614083856067
14,Log_436,22.814630941758082,56.206218562821284,0.3325483368219,22.735179347826087,22.814630941758082,22.814630941758082,0.3325483368219,0.3325483368219
14,Log_437,22.21280074371146,58.665882706773566,-0.2692818612247242,22.137010869565216,22.21280074371146,22.21280074371146,-0.2692818612247242,-0.2692818612247242
14,Log_438,23.147320051349926,56.07839557466251,0.6652374464137429,23.10477536231884,23.147320051349926,23.147320051349926,0.6652374464137429,0.6652374464137429
15,Log_401,23.08394376331709,57.579182229763276,0,23.097121376811593,23.08394376331709,23.08394376331709,0,0
15,Log_402,23.730166726928747,57.04429511611784,0.6462229636116559,23.861043478260868,23.730166726928747,23.730166726928747,0.6462229636116559,0.6462229636116559
15,Log_403,22.01168968235803,62.27897942575214,-1.707490272373541,22.031707142857144,22.01168968235803,22.01168968235803,-1.707490272373541,-1.707490272373541
15,Log_404,22.59208630695241,55.72807864513632,0.18380823602270205,22.440378378378377,22.59208630695241,22.59208630695241,0.18380823602270205,0.18380823602270205
15,Log_405,22.837582708321584,58.85325769060232,-0.24636105499550484,22.86767391304348,22.837582708321584,22.837582708321584,-0.24636105499550484,-0.24636105499550484
15,Log_406,23.977648642776344,52.59073948758435,0.8937048794592557,23.877735507246378,23.977648642776344,23.977648642776344,0.8937048794592557,0.8937048794592557
15,Log_407,23.41489667541296,54.63119137577774,0.33095291209587085,23.34066847826087,23.41489667541296,23.41489667541296,0.33095291209587085,0.33095291209587085
15,Log_408,23.98842235535166,53.827861232464564,0.9044785920345694,23.957753623188406,23.98842235535166,23.98842235535166,0.9044785920345694,0.9044785920345694
15,Log_409,23.515016591421997,59.30799865764836,0.43107282810490705,23.657282608695652,23.515016591421997,23.515016591421997,0.43107282810490705,0.43107282810490705
15,Log_410,23.575031264408995,55.992247062361855,0.4910875010919046,23.597789855072463,23.575031264408995,23.575031264408995,0.4910875010919046,0.4910875010919046
15,Log_411,23.930047612571222,54.077087085891705,0.8461038492541324,23.93006884057971,23.930047612571222,23.930047612571222,0.8461038492541324,0.8461038492541324
15,Log_412,23.7199580404541,53.29339671356051,0.6360142771370091,23.63394927536232,23.7199580404541,23.7199580404541,0.6360142771370091,0.6360142771370091
15,Log_413,22.591820542292368,55.8568992617066,-0.4921232210247209,22.438577898550726,22.591820542292368,22.591820542292368,-0.4921232210247209,-0.4921232210247209
15,Log_414,23.521155445204077,55.26035996364372,0.43721168188698784,23.507898550724637,23.521155445204077,23.521155445204077,0.43721168188698784,0.43721168188698784
15,Log_416,23.826917771563597,54.5376358799314,0.7429740082465061,23.79741304347826,23.826917771563597,23.826917771563597,0.7429740082465061,0.7429740082465061
15,Log_417,21.407238025743403,60.05208062306369,-1.7266545931286146,21.265594017094017,21.407238025743403,21.407238025743403,-1.7266545931286146,-1.7266545931286146
15,Log_418,21.50801485653755,61.8599028287794,-1.575928906779539,21.421739130434784,21.50801485653755,21.50801485653755,-1.575928906779539,-1.575928906779539
15,Log_420,23.916162870155677,54.09992102350442,0.8322191068385854,23.915764492753624,23.916162870155677,23.916162870155677,0.8322191068385854,0.8322191068385854
15,Log_421,23.577355224501122,55.91204735714847,0.4934114611840338,23.58613768115942,23.577355224501122,23.577355224501122,0.4934114611840338,0.4934114611840338
15,Log_422,22.40206755600227,58.751429634900255,-0.6818762073148213,22.351902173913043,22.40206755600227,22.40206755600227,-0.6818762073148213,-0.6818762073148213
15,Log_423,23.638988542464862,54.85824880056348,0.5550447791477726,23.604710144927537,23.638988542464862,23.638988542464862,0.5550447791477726,0.5550447791477726
15,Log_424,23.296391158391966,59.51177881771329,0.21244739507487423,23.49222644927536,23.296391158391966,23.296391158391966,0.21244739507487423,0.21244739507487423
15,Log_425,23.13501718851416,58.47644416137853,0.051073425197067916,23.193967391304348,23.13501718851416,23.13501718851416,0.051073425197067916,0.051073425197067916
15,Log_426,20.746991940914413,59.77271949494849,-2.3369518224026766,20.506760869565216,20.746991940914413,20.746991940914413,-2.3369518224026766,-2.3369518224026766
15,Log_427,24.236122928560135,52.26255441555182,1.152179165243044,24.170190217391305,24.236122928560135,24.236122928560135,1.152179165243044,1.152179165243044
15,Log_428,24.059539210710508,52.53200400162321,0.9755954473934162,23.9810615942029,24.059539210710508,24.059539210710508,0.9755954473934162,0.9755954473934162
15,Log_429,23.851424811169604,55.12205088994375,0.7674810478525143,23.90677536231884,23.851424811169604,23.851424811169604,0.7674810478525143,0.7674810478525143
15,Log_430,23.136188726712874,59.286512589671204,0.08595964575593781,23.27048717948718,23.136188726712874,23.136188726712874,0.08595964575593781,0.08595964575593781
15,Log_431,23.889990788071966,54.29964374422488,0.7485876221074972,23.895875925925925,23.889990788071966,23.889990788071966,0.7485876221074972,0.7485876221074972
15,Log_432,23.0824133903786,56.01799376839432,0.007738573829212167,23.029564102564102,23.0824133903786,23.0824133903786,0.007738573829212167,0.007738573829212167
15,Log_433,24.151623952462618,53.77628255949084,1.067680189145528,24.175851449275363,24.151623952462618,24.151623952462618,1.067680189145528,1.067680189145528
15,Log_434,23.34930382094754,55.61002756851909,0.26536005763045073,23.30613768115942,23.34930382094754,23.34930382094754,0.26536005763045073,0.26536005763045073
15,Log_435,23.508827427096705,60.82327689153821,0.4248836637796156,23.72042391304348,23.508827427096705,23.508827427096705,0.4248836637796156,0.4248836637796156
15,Log_436,23.562932062522183,54.29659274610425,0.4789882992050932,23.494,23.562932062522183,23.562932062522183,0.4789882992050932,0.4789882992050932
15,Log_437,22.82739724209765,56.98999912094765,-0.25654652121943916,22.778550724637682,22.82739724209765,22.82739724209765,-0.25654652121943916,-0.25654652121943916
15,Log_438,23.76291792304809,54.47470450848811,0.6789741597309987,23.74190036231884,23.76291792304809,23.76291792304809,0.6789741597309987,0.6789741597309987
16,Log_401,23.296491779478384,56.91653536167752,0,23.285010869565216,23.296491779478384,23.296491779478384,0,0
16,Log_402,23.967190338606542,56.4875474494766,0.6706985591281567,24.081829710144927,23.967190338606542,23.967190338606542,0.6706985591281567,0.6706985591281567
16,Log_403,22.174138755372446,61.714885599721946,-1.6951407644769971,22.183204444444446,22.174138755372446,22.174138755372446,-1.6951407644769971,-1.6951407644769971
16,Log_404,22.756295893054876,55.10212710421568,0.3437651430327095,22.600563063063063,22.756295893054876,22.756295893054876,0.3437651430327095,0.3437651430327095
16,Log_405,23.108855706044896,58.14174601634485,-0.1876360734334899,23.132717391304347,23.108855706044896,23.108855706044896,-0.1876360734334899,-0.1876360734334899
16,Log_406,24.254508529572096,52.09483233320396,0.9580167500937106,24.14649275362319,24.254508529572096,24.254508529572096,0.9580167500937106,0.9580167500937106
16,Log_407,23.76243368406969,53.88581994575307,0.4659419045913073,23.674688405797102,23.76243368406969,23.76243368406969,0.4659419045913073,0.4659419045913073
16,Log_408,24.14352685753713,53.48308473843493,0.8470350780587426,24.092188405797103,24.14352685753713,24.14352685753713,0.8470350780587426,0.8470350780587426
16,Log_409,23.728821887408323,58.76312096202604,0.43233010792993654,23.847427536231883,23.728821887408323,23.728821887408323,0.43233010792993654,0.43233010792993654
16,Log_410,23.913635732869814,55.17792461822038,0.617143953391428,23.945778985507246,23.913635732869814,23.913635732869814,0.617143953391428,0.617143953391428
16,Log_411,24.23205309586757,53.37205945932199,0.9355613163891847,24.2144384057971,24.23205309586757,24.23205309586757,0.9355613163891847,0.9355613163891847
16,Log_412,23.876544768643374,53.15313050444336,0.5800529891649889,23.769197463768116,23.876544768643374,23.876544768643374,0.5800529891649889,0.5800529891649889
16,Log_413,22.963670120955392,55.161848049996514,-0.33282165852299295,22.801615942028985,22.963670120955392,22.963670120955392,-0.33282165852299295,-0.33282165852299295
16,Log_414,23.89596415456726,54.65942885923331,0.5994723750888732,23.894601449275363,23.89596415456726,23.89596415456726,0.5994723750888732,0.5994723750888732
16,Log_416,24.151340955657062,53.9577391437035,0.8548491761786767,24.131168478260868,24.151340955657062,24.151340955657062,0.8548491761786767,0.8548491761786767
16,Log_417,21.79799899773006,59.172705718025014,-1.5025580869881623,21.66363888888889,21.79799899773006,21.79799899773006,-1.5025580869881623,-1.5025580869881623
16,Log_418,21.800331690224166,61.046493990930834,-1.4961600892542206,21.720923913043478,21.800331690224166,21.800331690224166,-1.4961600892542206,-1.4961600892542206
16,Log_420,24.103180704413948,53.871619656716234,0.8066889249355637,24.08407608695652,24.103180704413948,24.103180704413948,0.8066889249355637,0.8066889249355637
16,Log_421,23.832733476856596,55.1992768826924,0.5362416973782125,23.811565217391305,23.832733476856596,23.832733476856596,0.5362416973782125,0.5362416973782125
16,Log_422,22.69278267614495,57.950201408031774,-0.6037091033334329,22.613858695652173,22.69278267614495,22.69278267614495,-0.6037091033334329,-0.6037091033334329
16,Log_423,24.005747564914422,54.1298378286633,0.7092557854360376,23.976123188405797,24.005747564914422,24.005747564914422,0.7092557854360376,0.7092557854360376
16,Log_424,23.480118005866984,58.702657433299834,0.18362622638859838,23.637427536231883,23.480118005866984,23.480118005866984,0.18362622638859838,0.18362622638859838
16,Log_425,23.488947022445135,57.53415118373521,0.1924552429667518,23.547590579710146,23.488947022445135,23.488947022445135,0.1924552429667518,0.1924552429667518
16,Log_426,21.027398721006477,59.252757957635204,-2.2690930584719085,20.783503623188405,21.027398721006477,21.027398721006477,-2.2690930584719085,-2.2690930584719085
16,Log_427,24.37846064665081,52.08059161605205,1.0819688671724257,24.298521739130436,24.37846064665081,24.37846064665081,1.0819688671724257,1.0819688671724257
16,Log_428,24.39682496243295,52.02358693717153,1.100333182954567,24.325427536231885,24.39682496243295,24.39682496243295,1.100333182954567,1.100333182954567
16,Log_429,24.114553789710776,54.62327852248439,0.8180620102323904,24.160253623188407,24.114553789710776,24.114553789710776,0.8180620102323904,0.8180620102323904
16,Log_430,23.32253157063373,58.587227033052734,0.13685682516269226,23.424222222222223,23.32253157063373,23.32253157063373,0.13685682516269226,0.13685682516269226
16,Log_431,24.257999791017745,53.91186359927155,0.9615080115393592,24.291619565217392,24.257999791017745,24.257999791017745,0.9615080115393592,0.9615080115393592
16,Log_432,23.312069495063316,55.269952708210894,0.03914526001960203,23.226549450549452,23.312069495063316,23.312069495063316,0.03914526001960203,0.03914526001960203
16,Log_433,24.331901141441183,53.27704233162277,1.0354093619627964,24.343423913043477,24.331901141441183,24.331901141441183,1.0354093619627964,1.0354093619627964
16,Log_434,23.727254036730013,54.58310956198867,0.43076225725162853,23.66736231884058,23.727254036730013,23.727254036730013,0.43076225725162853,0.43076225725162853
16,Log_435,23.968815756156406,59.516570758738276,0.6723239766780228,24.17823007246377,23.968815756156406,23.968815756156406,0.6723239766780228,0.6723239766780228
16,Log_436,23.860861424308066,53.67962481050617,0.5643696448296794,23.772855072463766,23.860861424308066,23.860861424308066,0.5643696448296794,0.5643696448296794
16,Log_437,22.981957035901825,56.639546104913514,-0.3145347435765597,22.919583333333332,22.981957035901825,22.981957035901825,-0.3145347435765597,-0.3145347435765597
16,Log_438,23.96780277271908,54.01658174689263,0.6713109932406958,23.915590579710145,23.96780277271908,23.96780277271908,0.6713109932406958,0.6713109932406958
17,Log_401,23.36193176729328,56.595551677220826,0,23.349128623188406,23.36193176729328,23.36193176729328,0,0
17,Log_402,23.971503500176365,56.097617933994776,0.6095717328830819,24.057634057971015,23.971503500176365,23.971503500176365,0.6095717328830819,0.6095717328830819
17,Log_403,22.387059013462384,62.070960246384914,-1.7050184798344297,22.4478417721519,22.387059013462384,22.387059013462384,-1.7050184798344297,-1.7050184798344297
17,Log_404,23.146005933599564,54.71311061780575,0.4448487388488085,23.043066210045662,23.146005933599564,23.146005933599564,0.4448487388488085,0.4448487388488085
17,Log_405,23.15415889893994,57.646638094701025,-0.20777286835334074,23.162688405797102,23.15415889893994,23.15415889893994,-0.20777286835334074,-0.20777286835334074
17,Log_406,24.320590621819886,51.927122690276136,0.9586588545266039,24.19908695652174,24.320590621819886,24.320590621819886,0.9586588545266039,0.9586588545266039
17,Log_407,23.893159825538515,53.58788788875952,0.5312280582452347,23.79702355072464,23.893159825538515,23.893159825538515,0.5312280582452347,0.5312280582452347
17,Log_408,24.143201290271932,53.25437909049595,0.78126952297865,24.057096014492753,24.143201290271932,24.143201290271932,0.78126952297865,0.78126952297865
17,Log_409,23.50680726528473,58.816738317726006,0.1448754979914487,23.567119565217393,23.50680726528473,23.50680726528473,0.1448754979914487,0.1448754979914487
17,Log_410,23.678782247123177,56.319725160689664,0.316850479829896,23.682880434782607,23.678782247123177,23.678782247123177,0.316850479829896,0.316850479829896
17,Log_411,24.256043484895226,53.265653351511475,0.8941117176019461,24.21913768115942,24.256043484895226,24.256043484895226,0.8941117176019461,0.8941117176019461
17,Log_412,23.945160125743186,52.87551167481034,0.583228358449905,23.820291666666666,23.945160125743186,23.945160125743186,0.583228358449905,0.583228358449905
17,Log_413,23.27315252498112,54.361828174567634,-0.08877924231216171,23.110713768115943,23.27315252498112,23.27315252498112,-0.08877924231216171,-0.08877924231216171
17,Log_414,24.16270194707331,54.021255513427384,0.8007701797800273,24.163840579710143,24.16270194707331,24.16270194707331,0.8007701797800273,0.8007701797800273
17,Log_416,24.225296970420718,53.59831868798949,0.8633652031274361,24.169503623188405,24.225296970420718,24.225296970420718,0.8633652031274361,0.8633652031274361
17,Log_417,22.21278648235618,57.66848602428827,-1.2723342373147815,22.084376623376624,22.21278648235618,22.21278648235618,-1.2723342373147815,-1.2723342373147815
17,Log_418,22.12901917660991,59.68411557935078,-1.2329125906833716,22.04007608695652,22.12901917660991,22.12901917660991,-1.2329125906833716,-1.2329125906833716
17,Log_420,24.239853165086032,53.35157622655446,0.8779213977927498,24.21109420289855,24.239853165086032,24.239853165086032,0.8779213977927498,0.8779213977927498
17,Log_421,23.869872332850132,54.980883513953714,0.5079405655568494,23.837876811594203,23.869872332850132,23.869872332850132,0.5079405655568494,0.5079405655568494
17,Log_422,22.887789244158725,57.31797825147089,-0.47414252313455674,22.81478260869565,22.887789244158725,22.887789244158725,-0.47414252313455674,-0.47414252313455674
17,Log_423,24.23061634285474,53.55045456405085,0.8686845755614606,24.206268115942027,24.23061634285474,24.23061634285474,0.8686845755614606,0.8686845755614606
17,Log_424,23.484703521627452,58.43655266905725,0.12277175433417048,23.623702898550725,23.484703521627452,23.484703521627452,0.12277175433417048,0.12277175433417048
17,Log_425,23.58531590045368,57.327003741777546,0.22338413316039823,23.643840579710144,23.58531590045368,23.58531590045368,0.22338413316039823,0.22338413316039823
17,Log_426,21.045003541088235,58.99315486359208,-2.316928226205048,20.783278985507245,21.045003541088235,21.045003541088235,-2.316928226205048,-2.316928226205048
17,Log_427,24.361201711553623,51.98011772943543,0.9992699442603413,24.252130434782607,24.361201711553623,24.361201711553623,0.9992699442603413,0.9992699442603413
17,Log_428,24.446316024295015,51.77833547844221,1.0843842570017357,24.344050724637682,24.446316024295015,24.446316024295015,1.0843842570017357,1.0843842570017357
17,Log_429,24.056454787407546,54.35728916841648,0.6945230201142659,24.062246376811594,24.056454787407546,24.056454787407546,0.6945230201142659,0.6945230201142659
17,Log_430,23.47195947402815,57.80560593520666,0.11002770673486839,23.567465579710145,23.47195947402815,23.47195947402815,0.11002770673486839,0.11002770673486839
17,Log_431,24.451075691935827,53.39394420007895,1.0891439246425465,24.468490942028986,24.451075691935827,24.451075691935827,1.0891439246425465,1.0891439246425465
17,Log_432,23.454413672083618,54.7870074598731,0.08305554088341957,23.359421245421245,23.454413672083618,23.454413672083618,0.08305554088341957,0.08305554088341957
17,Log_433,24.276771428697796,53.31097292297622,0.9148396614045159,24.237920289855072,24.276771428697796,24.276771428697796,0.9148396614045159,0.9148396614045159
17,Log_434,23.79840136866792,54.20519618071105,0.4364696013746392,23.725123188405796,23.79840136866792,23.79840136866792,0.4364696013746392,0.4364696013746392
17,Log_435,24.061806571441522,59.00384723618202,0.6998748041482428,24.23796920289855,24.061806571441522,24.061806571441522,0.6998748041482428,0.6998748041482428
17,Log_436,23.95435969882229,53.256308928296974,0.5924279315290091,23.847307971014494,23.95435969882229,23.95435969882229,0.5924279315290091,0.5924279315290091
17,Log_437,23.181177111909445,55.97481114196087,-0.1807546553838359,23.112228260869564,23.181177111909445,23.181177111909445,-0.1807546553838359,-0.1807546553838359
17,Log_438,24.01243596463003,53.736086646918395,0.6505041973367484,23.939036231884057,24.01243596463003,24.01243596463003,0.6505041973367484,0.6505041973367484
18,Log_401,22.99671592400565,57.63184693321303,0,22.998085144927536,22.99671592400565,22.99671592400565,0,0
18,Log_402,23.5696644839631,57.25734229856156,0.5729485599574516,23.66471920289855,23.5696644839631,23.5696644839631,0.5729485599574516,0.5729485599574516
18,Log_403,22.30320880276019,62.241426549002654,-1.7203623169977025,22.360644444444443,22.30320880276019,22.30320880276019,-1.7203623169977025,-1.7203623169977025
18,Log_404,22.96522771999904,55.21393706106361,0.5388217561601334,22.87177397260274,22.96522771999904,22.96522771999904,0.5388217561601334,0.5388217561601334
18,Log_405,22.858837461562192,58.27416709789989,-0.13787846244345572,22.857097826086957,22.858837461562192,22.858837461562192,-0.13787846244345572,-0.13787846244345572
18,Log_406,24.008910195311795,52.51687179270287,1.0121942713061465,23.881902173913044,24.008910195311795,24.008910195311795,1.0121942713061465,1.0121942713061465
18,Log_407,23.697297494534947,53.91794889443963,0.7005815705293004,23.609726449275364,23.697297494534947,23.697297494534947,0.7005815705293004,0.7005815705293004
18,Log_408,23.672228815114835,54.209420400427696,0.6755128911091873,23.57815579710145,23.672228815114835,23.672228815114835,0.6755128911091873,0.6755128911091873
18,Log_409,23.058917654356616,59.875954932810544,0.062201730350968744,23.104311594202898,23.058917654356616,23.058917654356616,0.062201730350968744,0.062201730350968744
18,Log_410,22.70443150191899,59.31358948587048,-0.2922844220866601,22.681231884057972,22.70443150191899,22.70443150191899,-0.2922844220866601,-0.2922844220866601
18,Log_411,23.930151136188982,53.734699651585665,0.9334352121833335,23.8538768115942,23.930151136188982,23.930151136188982,0.9334352121833335,0.9334352121833335
18,Log_412,23.696474143145107,53.22193293659876,0.699758219139458,23.55907065217391,23.696474143145107,23.696474143145107,0.699758219139458,0.699758219139458
18,Log_413,23.151819942435893,54.689430667095685,0.15510401843024507,22.994028985507246,23.151819942435893,23.151819942435893,0.15510401843024507,0.15510401843024507
18,Log_414,24.022209755159043,54.283160591253925,1.025493831153394,24.012735507246376,24.022209755159043,24.022209755159043,1.025493831153394,1.025493831153394
18,Log_416,23.88097258020109,54.3254166099982,0.8842566561954391,23.804192028985508,23.88097258020109,23.88097258020109,0.8842566561954391,0.8842566561954391
18,Log_417,21.931032530632137,58.32357679137608,-1.059882167603285,21.7742899543379,21.931032530632137,21.931032530632137,-1.059882167603285,-1.059882167603285
18,Log_418,22.08903680741456,59.71281401242615,-0.9076791165910904,21.989307971014494,22.08903680741456,22.08903680741456,-0.9076791165910904,-0.9076791165910904
18,Log_420,23.89675074056014,53.92626671996267,0.9000348165544905,23.839028985507245,23.89675074056014,23.89675074056014,0.9000348165544905,0.9000348165544905
18,Log_421,23.558945435728006,55.443976514927854,0.562229511722357,23.503728260869565,23.558945435728006,23.558945435728006,0.562229511722357,0.562229511722357
18,Log_422,22.665739791659064,57.86654423513047,-0.330976132346583,22.58743115942029,22.665739791659064,22.665739791659064,-0.330976132346583,-0.330976132346583
18,Log_423,23.92409452079484,54.33505024972827,0.9273785967891922,23.897373188405798,23.92409452079484,23.92409452079484,0.9273785967891922,0.9273785967891922
18,Log_424,23.03618019135698,59.553362416697354,0.0394642673513322,23.149248188405796,23.03618019135698,23.03618019135698,0.0394642673513322,0.0394642673513322
18,Log_425,23.14413597447099,58.461357909204395,0.14742005046534484,23.187010869565217,23.14413597447099,23.14413597447099,0.14742005046534484,0.14742005046534484
18,Log_426,20.752667840947918,59.32036447777104,-2.2440480830577307,20.46690579710145,20.752667840947918,20.752667840947918,-2.2440480830577307,-2.2440480830577307
18,Log_427,23.968122051166375,52.64941070320871,0.9714061271607272,23.83584420289855,23.968122051166375,23.968122051166375,0.9714061271607272,0.9714061271607272
18,Log_428,24.035953241049423,52.57847352836132,1.0392373170437745,23.91842028985507,24.035953241049423,24.035953241049423,1.0392373170437745,1.0392373170437745
18,Log_429,23.45053202017287,55.370884210561236,0.4538160961672209,23.405090579710144,23.45053202017287,23.45053202017287,0.4538160961672209,0.4538160961672209
18,Log_430,23.1284947168401,58.41762816472667,0.13177879283445176,23.217228260869565,23.1284947168401,23.1284947168401,0.13177879283445176,0.13177879283445176
18,Log_431,23.95694101669315,54.314265015485695,0.9602250926875007,23.941682971014494,23.95694101669315,23.95694101669315,0.9602250926875007,0.9602250926875007
18,Log_432,23.16993077048109,55.31173096741093,0.17321484647544225,23.048132246376813,23.16993077048109,23.16993077048109,0.17321484647544225,0.17321484647544225
18,Log_433,23.77994707441427,54.81513826277141,0.7832311504086213,23.723554347826088,23.77994707441427,23.77994707441427,0.7832311504086213,0.7832311504086213
18,Log_434,23.3883302898219,55.19957300999687,0.3916143658162527,23.287920289855073,23.3883302898219,23.3883302898219,0.3916143658162527,0.3916143658162527
18,Log_435,23.739040248987433,59.640514375546644,0.7423243249817832,23.885903985507245,23.739040248987433,23.739040248987433,0.7423243249817832,0.7423243249817832
18,Log_436,23.67977539659635,53.830452778303,0.6830594725907051,23.575523550724636,23.67977539659635,23.67977539659635,0.6830594725907051,0.6830594725907051
18,Log_437,23.02643590989658,56.1060643001914,0.029719985890933522,22.955815217391304,23.02643590989658,23.02643590989658,0.029719985890933522,0.029719985890933522
18,Log_438,23.614156903104107,54.48473759181674,0.6174409790984573,23.52860688405797,23.614156903104107,23.614156903104107,0.6174409790984573,0.6174409790984573
19,Log_401,22.077206089676608,61.073547656247406,0,22.07338768115942,22.077206089676608,22.077206089676608,0,0
19,Log_402,22.608810509485473,60.660427606445495,0.5316044198088637,22.706510869565218,22.608810509485473,22.608810509485473,0.5316044198088637,0.5316044198088637
19,Log_403,21.640982573118073,64.13423363489169,-1.4848997335836431,21.649343434343436,21.640982573118073,21.640982573118073,-1.4848997335836431,-1.4848997335836431
19,Log_404,22.18387121385519,58.056452023091985,0.6172566821800051,22.086209523809522,22.18387121385519,22.18387121385519,0.6172566821800051,0.6172566821800051
19,Log_405,22.101880508589833,60.94830377450704,0.024674418913225315,22.08586956521739,22.101880508589833,22.101880508589833,0.024674418913225315,0.024674418913225315
19,Log_406,23.173047605384003,55.12051151171572,1.0958415157073937,23.03465579710145,23.173047605384003,23.173047605384003,1.0958415157073937,1.0958415157073937
19,Log_407,22.91339150559,56.223376323968935,0.83618541591339,22.809672101449276,22.91339150559,22.91339150559,0.83618541591339,0.83618541591339
19,Log_408,22.772882865998145,56.98962939374137,0.6956767763215363,22.659501811594204,22.772882865998145,22.772882865998145,0.6956767763215363,0.6956767763215363
19,Log_409,22.269114689241174,62.745908812969724,0.19190859956456446,22.28949275362319,22.269114689241174,22.269114689241174,0.19190859956456446,0.19190859956456446
19,Log_410,21.18628183524016,64.37868980841081,-0.8909242544364504,21.142681159420288,21.18628183524016,21.18628183524016,-0.8909242544364504,-0.8909242544364504
19,Log_411,23.02414532891485,56.23046195583066,0.9469392392382429,22.916322463768115,23.02414532891485,23.02414532891485,0.9469392392382429,0.9469392392382429
19,Log_412,22.996910393605365,55.414110504067416,0.9197043039287556,22.852009057971014,22.996910393605365,22.996910393605365,0.9197043039287556,0.9197043039287556
19,Log_413,22.3857775826171,57.31175404944587,0.30857149294049047,22.226447463768118,22.3857775826171,22.3857775826171,0.30857149294049047,0.30857149294049047
19,Log_414,23.271455511658225,56.567007009198534,1.194249421981616,23.234510869565216,23.271455511658225,23.271455511658225,1.194249421981616,1.194249421981616
19,Log_416,22.914579608418116,57.204382849965114,0.8373735187415065,22.812315217391305,22.914579608418116,22.914579608418116,0.8373735187415065,0.8373735187415065
19,Log_417,20.986067241423157,61.44315923515969,-0.8621703415477742,20.829059523809523,20.986067241423157,20.986067241423157,-0.8621703415477742,-0.8621703415477742
19,Log_418,21.526196312845332,61.767123760066255,-0.5510097768312763,21.41419384057971,21.526196312845332,21.526196312845332,-0.5510097768312763,-0.5510097768312763
19,Log_420,22.96872633054801,56.40929589565483,0.8915202408714006,22.876123188405796,22.96872633054801,22.96872633054801,0.8915202408714006,0.8915202408714006
19,Log_421,22.64288042234319,58.42991451077696,0.5656743326665802,22.58551811594203,22.64288042234319,22.64288042234319,0.5656743326665802,0.5656743326665802
19,Log_422,22.010622504514128,59.802805959974926,-0.06658358516248153,21.913297101449274,22.010622504514128,22.010622504514128,-0.06658358516248153,-0.06658358516248153
19,Log_423,22.934287796210235,57.820606839137845,0.8570817065336253,22.91465579710145,22.934287796210235,22.934287796210235,0.8570817065336253,0.8570817065336253
19,Log_424,21.94502819878304,63.73540835298762,-0.13217789089357104,22.0538134057971,21.94502819878304,21.94502819878304,-0.13217789089357104,-0.13217789089357104
19,Log_425,21.980975565661893,62.70582623733529,-0.09623052401471535,22.048931159420288,21.980975565661893,21.980975565661893,-0.09623052401471535,-0.09623052401471535
19,Log_426,19.844522304581815,61.410982750877466,-2.1968580108886817,19.518021978021977,19.844522304581815,19.844522304581815,-2.1968580108886817,-2.1968580108886817
19,Log_427,23.038081833139277,55.4591647012383,0.9608757434626698,22.89509239130435,23.038081833139277,23.038081833139277,0.9608757434626698,0.9608757434626698
19,Log_428,22.94385066946194,55.53144533344833,0.8666445797853339,22.793659420289856,22.94385066946194,22.94385066946194,0.8666445797853339,0.8666445797853339
19,Log_429,22.401847447375726,58.341224210317975,0.3246413576991159,22.3255615942029,22.401847447375726,22.401847447375726,0.3246413576991159,0.3246413576991159
19,Log_430,22.19905785321212,61.310049980283445,0.21447826860964822,22.2368021978022,22.19905785321212,22.19905785321212,0.21447826860964822,0.21447826860964822
19,Log_431,22.806770403136724,57.6548543316272,0.7295643134601157,22.749059782608697,22.806770403136724,22.806770403136724,0.7295643134601157,0.7295643134601157
19,Log_432,22.27985046158541,58.17063303421738,0.2479796468123312,22.14652197802198,22.27985046158541,22.27985046158541,0.2479796468123312,0.2479796468123312
19,Log_433,22.69212089899965,58.335399106352064,0.6149148093230409,22.6274981884058,22.69212089899965,22.69212089899965,0.6149148093230409,0.6149148093230409
19,Log_434,22.330707999053157,58.32174940214537,0.2770519960952552,22.18755128205128,22.330707999053157,22.330707999053157,0.2770519960952552,0.2770519960952552
19,Log_435,22.899048646978105,62.714669973893805,0.821842557301497,23.017614130434783,22.899048646978105,22.899048646978105,0.821842557301497,0.821842557301497
19,Log_436,22.888332017519126,56.169345012013714,0.8111259278425181,22.764851449275362,22.888332017519126,22.888332017519126,0.8111259278425181,0.8111259278425181
19,Log_437,22.298865635466388,58.17728647597312,0.22165954578978106,22.18786231884058,22.298865635466388,22.298865635466388,0.22165954578978106,0.22165954578978106
19,Log_438,22.653291802256344,57.21546360889137,0.5760857125797363,22.537713768115943,22.653291802256344,22.653291802256344,0.5760857125797363,0.5760857125797363
20,Log_401,20.64018737296375,65.97870458170298,0,20.590554945054944,20.64018737296375,20.64018737296375,0,0
20,Log_402,21.068080669362427,66.05862091419428,0.42789329639867496,21.11765934065934,21.068080669362427,21.068080669362427,0.42789329639867496,0.42789329639867496
20,Log_403,21.097915236133364,66.53677290965757,-0.7511541686253184,21.087701612903224,21.097915236133364,21.097915236133364,-0.7511541686253184,-0.7511541686253184
20,Log_404,20.859734620177512,61.43783083920987,0.8758303451082112,20.692319047619048,20.859734620177512,20.859734620177512,0.8758303451082112,0.8758303451082112
20,Log_405,20.929646127631937,64.97944335870635,0.2894587546681845,20.8853663003663,20.929646127631937,20.929646127631937,0.2894587546681845,0.2894587546681845
20,Log_406,21.960994614347783,58.99505094864445,1.3208072413840324,21.811336996336998,21.960994614347783,21.960994614347783,1.3208072413840324,1.3208072413840324
20,Log_407,21.68302316436901,60.07338590429687,1.0428357914052584,21.547738095238095,21.68302316436901,21.68302316436901,1.0428357914052584,1.0428357914052584
20,Log_408,21.42115193877611,61.41095200925826,0.780964565812357,21.290923076923075,21.42115193877611,21.42115193877611,0.780964565812357,0.780964565812357
20,Log_409,21.225930360171606,66.98043631300669,0.585742987207853,21.248626373626372,21.225930360171606,21.225930360171606,0.585742987207853,0.585742987207853
20,Log_410,19.418822003509575,69.75916079292138,-1.221365369454177,19.287820512820513,19.418822003509575,19.418822003509575,-1.221365369454177,-1.221365369454177
20,Log_411,21.715629542248905,59.930165940465784,1.075442169285154,21.566278388278388,21.715629542248905,21.715629542248905,1.075442169285154,1.075442169285154
20,Log_412,22.135239928556476,58.184379428714514,1.4950525555927248,21.98286446886447,22.135239928556476,22.135239928556476,1.4950525555927248,1.4950525555927248
20,Log_413,21.337596078040114,60.795068820703975,0.6974087050763632,21.151128205128206,21.337596078040114,21.337596078040114,0.6974087050763632,0.6974087050763632
20,Log_414,22.132746643504255,60.02710474591912,1.4925592705405017,22.06047619047619,22.132746643504255,22.132746643504255,1.4925592705405017,1.4925592705405017
20,Log_416,21.64771026638731,61.401929344021354,1.007522893423557,21.53192307692308,21.64771026638731,21.64771026638731,1.007522893423557,1.007522893423557
20,Log_417,19.75079246325783,64.90380287469344,-0.3125938742998219,19.555388059701492,19.75079246325783,19.75079246325783,-0.3125938742998219,-0.3125938742998219
20,Log_418,20.668228271055003,64.95081347913803,0.028040898091252656,20.54480402930403,20.668228271055003,20.668228271055003,0.028040898091252656,0.028040898091252656
20,Log_420,21.645656167285832,60.29607924183342,1.0054687943220793,21.504750915750915,21.645656167285832,21.645656167285832,1.0054687943220793,1.0054687943220793
20,Log_421,21.42153830503567,62.31657705484668,0.7813509320719205,21.324300366300367,21.42153830503567,21.42153830503567,0.7813509320719205,0.7813509320719205
20,Log_422,20.907970491399194,63.92646604685973,0.2677831184354413,20.77155677655678,20.907970491399194,20.907970491399194,0.2677831184354413,0.2677831184354413
20,Log_423,21.66269540840381,61.605606544723045,1.0225080354400564,21.602857142857143,21.66269540840381,21.66269540840381,1.0225080354400564,1.0225080354400564
20,Log_424,20.55056800730868,68.1257408380892,-0.08961936565507143,20.579014652014653,20.55056800730868,20.55056800730868,-0.08961936565507143,-0.08961936565507143
20,Log_425,20.450336774438398,67.33566270966134,-0.18985059852535247,20.419505494505493,20.450336774438398,20.450336774438398,-0.18985059852535247,-0.18985059852535247
20,Log_426,18.686179140917066,64.64096380845065,-1.9540082320466847,18.320723443223443,18.686179140917066,18.686179140917066,-1.9540082320466847,-1.9540082320466847
20,Log_427,21.807673722986152,59.24624456187743,1.1674863500223995,21.643053113553112,21.807673722986152,21.807673722986152,1.1674863500223995,1.1674863500223995
20,Log_428,21.752660058336414,59.19135889415129,1.1124726853726623,21.574882783882785,21.752660058336414,21.752660058336414,1.1124726853726623,1.1124726853726623
20,Log_429,21.244955230421013,61.92234653015152,0.6047678574572598,21.122417582417583,21.244955230421013,21.244955230421013,0.6047678574572598,0.6047678574572598
20,Log_430,20.884111657749855,65.29029389047622,0.3934939559700061,20.836052434456928,20.884111657749855,20.884111657749855,0.3934939559700061,0.3934939559700061
20,Log_431,21.34684930542106,61.82872921691873,0.7066619324573085,21.236615384615384,21.34684930542106,21.34684930542106,0.7066619324573085,0.7066619324573085
20,Log_432,21.06517997168604,62.07115684579063,0.4534668356462055,20.914044444444443,21.06517997168604,21.06517997168604,0.4534668356462055,0.4534668356462055
20,Log_433,20.990544297136193,63.89789031446161,0.35035692417244246,20.907967032967033,20.990544297136193,20.990544297136193,0.35035692417244246,0.35035692417244246
20,Log_434,20.985414918237073,63.33152139435042,0.34522754527332206,20.863148351648352,20.985414918237073,20.985414918237073,0.34522754527332206,0.34522754527332206
20,Log_435,21.459735745041307,68.06969432490146,0.8195483720775553,21.56937912087912,21.459735745041307,21.459735745041307,0.8195483720775553,0.8195483720775553
20,Log_436,21.669581042034693,60.16352277716434,1.0293936690709404,21.528027472527473,21.669581042034693,21.669581042034693,1.0293936690709404,1.0293936690709404
20,Log_437,21.179383496389676,61.53359080836765,0.539196123425924,21.02979120879121,21.179383496389676,21.179383496389676,0.539196123425924,0.539196123425924
20,Log_438,21.45850132929556,61.07976695616888,0.8183139563318093,21.312553113553115,21.45850132929556,21.45850132929556,0.8183139563318093,0.8183139563318093
21,Log_401,19.096097602964164,70.61251914713806,0,18.950238095238095,19.096097602964164,19.096097602964164,0,0
21,Log_402,19.28468359091226,71.33952526197419,0.17064770635381787,19.192115942028984,19.28468359091226,19.28468359091226,0.17064770635381787,0.17064770635381787
21,Log_403,20.101992256046387,69.93001354238193,0.23914702067597476,20.037446428571428,20.101992256046387,20.101992256046387,0.23914702067597476,0.23914702067597476
21,Log_404,19.41617922568941,65.37983325986397,1.0943885300192997,19.17936111111111,19.41617922568941,19.41617922568941,1.0943885300192997,1.0943885300192997
21,Log_405,19.585814444765106,69.76788954458453,0.47470621492136705,19.473333333333333,19.585814444765106,19.585814444765106,0.47470621492136705,0.47470621492136705
21,Log_406,20.768435842447282,63.17331691882753,1.650193280944025,20.62268115942029,20.768435842447282,20.768435842447282,1.650193280944025,1.650193280944025
21,Log_407,20.39671305018066,64.40171296494253,1.3006154472165,20.238642857142857,20.39671305018066,20.39671305018066,1.3006154472165,1.3006154472165
21,Log_408,20.243326623276268,65.62564477052918,1.1472290203121058,20.103040293040294,20.243326623276268,20.243326623276268,1.1472290203121058,1.1472290203121058
21,Log_409,20.15165120223486,71.8924440174154,1.0555535992706973,20.196923076923078,20.15165120223486,20.15165120223486,1.0555535992706973,1.0555535992706973
21,Log_410,18.24259497273917,72.65226715249604,-0.853502630224992,18.029043956043957,18.24259497273917,18.24259497273917,-0.853502630224992,-0.853502630224992
21,Log_411,20.522509013582486,63.84370471724557,1.4264114106183228,20.36771062271062,20.522509013582486,20.522509013582486,1.4264114106183228,1.4264114106183228
21,Log_412,21.125792050832107,61.76671149353685,2.029694447867943,20.989562271062272,21.125792050832107,21.125792050832107,2.029694447867943,2.029694447867943
21,Log_413,20.078537990073812,65.23199693925261,0.9824403871096475,19.901619047619047,20.078537990073812,20.078537990073812,0.9824403871096475,0.9824403871096475
21,Log_414,20.881193842397778,64.30847957261324,1.785096239433616,20.802307692307693,20.881193842397778,20.881193842397778,1.785096239433616,1.785096239433616
21,Log_416,20.45442834422006,65.98996300106394,1.3583307412558958,20.35579120879121,20.45442834422006,20.45442834422006,1.3583307412558958,1.3583307412558958
21,Log_417,18.608063545348966,68.60093322790736,0.15373069598864988,18.367479797979797,18.608063545348966,18.608063545348966,0.15373069598864988,0.15373069598864988
21,Log_418,19.765973554941283,68.55190561708072,0.6698759519771195,19.644184981684983,19.765973554941283,19.765973554941283,0.6698759519771195,0.6698759519771195
21,Log_420,20.25357273964681,65.17553141202345,1.1332816874130673,20.099420289855072,20.25357273964681,20.25357273964681,1.1332816874130673,1.1332816874130673
21,Log_421,20.11706408593568,67.24898881033008,1.0209664829715184,20.014959706959708,20.11706408593568,20.11706408593568,1.0209664829715184,1.0209664829715184
21,Log_422,19.799262729396727,68.0239492007258,0.6757692601135035,19.64426086956522,19.799262729396727,19.799262729396727,0.6757692601135035,0.6757692601135035
21,Log_423,20.26758064295258,66.19186137989068,1.1714830399884186,20.168058608058608,20.26758064295258,20.26758064295258,1.1714830399884186,1.1714830399884186
21,Log_424,18.983377447556894,73.10161320838822,-0.11272015540726923,18.89393772893773,18.983377447556894,18.983377447556894,-0.11272015540726923,-0.11272015540726923
21,Log_425,19.212771410070562,70.84559756258085,0.11667380710640021,19.082967032967034,19.212771410070562,19.212771410070562,0.11667380710640021,0.11667380710640021
21,Log_426,17.76584786363912,67.21015760389758,-1.3302497393250425,17.3636336996337,17.76584786363912,17.76584786363912,-1.3302497393250425,-1.3302497393250425
21,Log_427,20.55661146030796,63.70772195938138,1.4605138573437955,20.39950183150183,20.55661146030796,20.55661146030796,1.4605138573437955,1.4605138573437955
21,Log_428,20.612980341293458,63.468505350858294,1.5168827383292935,20.45523076923077,20.612980341293458,20.612980341293458,1.5168827383292935,1.5168827383292935
21,Log_429,20.136636715945482,66.06324613053842,1.0405391129813193,19.99547619047619,20.136636715945482,20.136636715945482,1.0405391129813193,1.0405391129813193
21,Log_430,19.454417584653335,70.72776109346263,0.3583199816891736,19.363771062271063,19.454417584653335,19.454417584653335,0.3583199816891736,0.3583199816891736
21,Log_431,19.92471170338722,66.5453094049264,0.8010007375193915,19.78192222222222,19.92471170338722,19.92471170338722,0.8010007375193915,0.8010007375193915
21,Log_432,19.653847621059796,66.54996665931662,0.5577500180956352,19.463399267399268,19.653847621059796,19.653847621059796,0.5577500180956352,0.5577500180956352
21,Log_433,19.253548211662196,69.53998282940833,0.15745060869803373,19.095336996336997,19.253548211662196,19.253548211662196,0.15745060869803373,0.15745060869803373
21,Log_434,19.615526206817243,68.56834245004606,0.49776054290817395,19.476472826086958,19.615526206817243,19.615526206817243,0.49776054290817395,0.49776054290817395
21,Log_435,19.762748130280748,74.76363369851582,0.6666505273165838,19.83108241758242,19.762748130280748,19.762748130280748,0.6666505273165838,0.6666505273165838
21,Log_436,20.291473728072493,64.91747838514833,1.1953761251083292,20.145699633699635,20.291473728072493,20.291473728072493,1.1953761251083292,1.1953761251083292
21,Log_437,19.840010133555566,65.9500820382029,0.7439125305914044,19.65404761904762,19.840010133555566,19.840010133555566,0.7439125305914044,0.7439125305914044
21,Log_438,20.20829347402934,65.56968174878452,1.1121958710651774,20.05886446886447,20.20829347402934,20.20829347402934,1.1121958710651774,1.1121958710651774
22,Log_401,17.8421622808036,73.83571638067058,0,17.61178079710145,17.8421622808036,17.8421622808036,0,0
22,Log_402,17.866077204016438,75.07797387832368,0.023914923212842186,17.669242753623188,17.866077204016438,17.866077204016438,0.023914923212842186,0.023914923212842186
22,Log_403,19.192722602541785,72.77878753199192,0.5839183781046912,19.076045454545454,19.192722602541785,19.192722602541785,0.5839183781046912,0.5839183781046912
22,Log_404,18.348568727803105,68.38038404621146,1.2259798422821997,18.04561936936937,18.348568727803105,18.348568727803105,1.2259798422821997,1.2259798422821997
22,Log_405,18.4199527467898,73.18552068095043,0.5777904659862025,18.24275724637681,18.4199527467898,18.4199527467898,0.5777904659862025,0.5777904659862025
22,Log_406,19.61356119310071,66.32412180458942,1.7713989122971132,19.39704347826087,19.61356119310071,19.61356119310071,1.7713989122971132,1.7713989122971132
22,Log_407,19.193769053045003,67.82795162558341,1.3516067722414062,18.960590579710146,19.193769053045003,19.193769053045003,1.3516067722414062,1.3516067722414062
22,Log_408,19.154462006141202,68.70039069453982,1.3122997253376059,18.94175,19.154462006141202,19.154462006141202,1.3122997253376059,1.3122997253376059
22,Log_409,19.053146730975705,76.14496443984463,1.2109844501721063,19.037634057971015,19.053146730975705,19.053146730975705,1.2109844501721063,1.2109844501721063
22,Log_410,17.542979025479248,74.000113336938,-0.2991832553243484,17.28513043478261,17.542979025479248,17.542979025479248,-0.2991832553243484,-0.2991832553243484
22,Log_411,19.360236481667613,67.41400850082321,1.5180742008640142,19.145760869565216,19.360236481667613,19.360236481667613,1.5180742008640142,1.5180742008640142
22,Log_412,20.2243437653074,64.3694310789787,2.3821814845038,20.039047101449274,20.2243437653074,20.2243437653074,2.3821814845038,2.3821814845038
22,Log_413,19.035065895754343,68.44531416722782,1.1929036149507455,18.796911231884057,19.035065895754343,19.035065895754343,1.1929036149507455,1.1929036149507455
22,Log_414,19.832492843187012,67.40064303508579,1.990330562383415,19.68264492753623,19.832492843187012,19.832492843187012,1.990330562383415,1.990330562383415
22,Log_416,19.462497498294418,68.99324193953225,1.6203352174908199,19.302148550724638,19.462497498294418,19.462497498294418,1.6203352174908199,1.6203352174908199
22,Log_417,17.539164116431987,71.02911435506614,0.5825675564937024,17.205267195767195,17.539164116431987,17.539164116431987,0.5825675564937024,0.5825675564937024
22,Log_418,18.923992793982194,71.14752903360633,1.081830513178598,18.744702898550724,18.923992793982194,18.923992793982194,1.081830513178598,1.081830513178598
22,Log_420,19.20057597279029,68.20383461708148,1.3584136919866916,18.98110507246377,19.20057597279029,19.20057597279029,1.3584136919866916,1.3584136919866916
22,Log_421,19.03681805717268,70.4812909740674,1.1946557763690824,18.862010869565218,19.03681805717268,19.03681805717268,1.1946557763690824,1.1946557763690824
22,Log_422,18.881463937292054,70.83839424226241,1.0393016564884565,18.67605072463768,18.881463937292054,18.881463937292054,1.0393016564884565,1.0393016564884565
22,Log_423,19.15948193409208,69.10690644892706,1.317319653288485,18.956648550724637,19.15948193409208,19.15948193409208,1.317319653288485,1.317319653288485
22,Log_424,17.826640026957605,75.89496872453374,-0.01552225384599236,17.646,17.826640026957605,17.826640026957605,-0.01552225384599236,-0.01552225384599236
22,Log_425,18.27715691250278,73.12933112962097,0.4349946316991805,18.07264492753623,18.27715691250278,18.27715691250278,0.4349946316991805,0.4349946316991805
22,Log_426,17.142412769258158,68.43412318121858,-0.6997495115454403,16.702677536231885,17.142412769258158,17.142412769258158,-0.6997495115454403,-0.6997495115454403
22,Log_427,19.453441116761372,66.7739713152503,1.6112788359577743,19.22776449275362,19.453441116761372,19.453441116761372,1.6112788359577743,1.6112788359577743
22,Log_428,19.530764067878323,66.67331221949108,1.688601787074724,19.319865942028986,19.530764067878323,19.530764067878323,1.688601787074724,1.688601787074724
22,Log_429,19.12433518210758,68.98601256326137,1.2821729013039829,18.916438405797102,19.12433518210758,19.12433518210758,1.2821729013039829,1.2821729013039829
22,Log_430,18.130688408561415,74.94301100861028,0.2885261277578189,17.958621376811593,18.130688408561415,18.130688408561415,0.2885261277578189,0.2885261277578189
22,Log_431,18.832318021491744,69.4964184616279,1.0031408153404031,18.601172161172162,18.832318021491744,18.832318021491744,1.0031408153404031,1.0031408153404031
22,Log_432,18.408201333012503,70.00437166785301,0.6063632077594083,18.14723443223443,18.408201333012503,18.408201333012503,0.6063632077594083,0.6063632077594083
22,Log_433,18.03649352652582,72.53033504610326,0.1943312457222216,17.791695652173914,18.03649352652582,18.03649352652582,0.1943312457222216,0.1943312457222216
22,Log_434,18.474596285533895,71.63391519411577,0.6324340047302967,18.25678260869565,18.474596285533895,18.474596285533895,0.6324340047302967,0.6324340047302967
22,Log_435,18.37785975355574,79.33310762696777,0.5356974727521413,18.362882246376813,18.37785975355574,18.37785975355574,0.5356974727521413,0.5356974727521413
22,Log_436,19.115394418072874,67.99664536485095,1.2732321372692763,18.878954710144928,19.115394418072874,19.115394418072874,1.2732321372692763,1.2732321372692763
22,Log_437,18.657901298454306,69.44353097636731,0.8157390176507079,18.40445652173913,18.657901298454306,18.657901298454306,0.8157390176507079,0.8157390176507079
22,Log_438,19.058715721104885,69.10742544917363,1.2165534403012883,18.848090579710146,19.058715721104885,19.058715721104885,1.2165534403012883,1.2165534403012883
23,Log_401,16.847924358374716,76.66186968076578,0,16.58978804347826,16.847924358374716,16.847924358374716,0,0
23,Log_402,16.825017581046968,78.06074638731599,-0.022906777327747162,16.601137681159422,16.825017581046968,16.825017581046968,-0.022906777327747162,-0.022906777327747162
23,Log_403,18.49010506590108,74.82119322725488,0.8919129067777373,18.348395061728397,18.49010506590108,18.49010506590108,0.8919129067777373,0.8919129067777373
23,Log_404,17.489148051690968,70.72889056944332,1.2839025223438139,17.140551801801802,17.489148051690968,17.489148051690968,1.2839025223438139,1.2839025223438139
23,Log_405,17.5081360717749,75.95934652409433,0.6602117134001854,17.297934782608696,17.5081360717749,17.5081360717749,0.6602117134001854,0.6602117134001854
23,Log_406,18.80605907563499,68.39699116690606,1.9581347172602757,18.54376086956522,18.80605907563499,18.80605907563499,1.9581347172602757,1.9581347172602757
23,Log_407,18.353938057769774,69.97178269604802,1.5060136993950572,18.071949275362318,18.353938057769774,18.353938057769774,1.5060136993950572,1.5060136993950572
23,Log_408,18.311401944751285,70.90928511482414,1.4634775863765688,18.058630434782607,18.311401944751285,18.311401944751285,1.4634775863765688,1.4634775863765688
23,Log_409,18.32524701923853,78.2404925512753,1.4773226608638157,18.268985507246377,18.32524701923853,18.32524701923853,1.4773226608638157,1.4773226608638157
23,Log_410,17.00167821597708,75.30451368502061,0.15375385760236476,16.723702898550723,17.00167821597708,17.00167821597708,0.15375385760236476,0.15375385760236476
23,Log_411,18.557572400188857,69.48999497447431,1.7096480418141429,18.29526086956522,18.557572400188857,18.557572400188857,1.7096480418141429,1.7096480418141429
23,Log_412,19.545381215701756,65.89169542937007,2.69745685732704,19.30359239130435,19.545381215701756,19.545381215701756,2.69745685732704,2.69745685732704
23,Log_413,18.371068313977595,70.08453843670215,1.5231439556028803,18.093860507246376,18.371068313977595,18.371068313977595,1.5231439556028803,1.5231439556028803
23,Log_414,19.066630924066462,69.22532972756011,2.2187065656917477,18.848496376811593,19.066630924066462,19.066630924066462,2.2187065656917477,2.2187065656917477
23,Log_416,18.729291959269467,71.08706585041956,1.8813676008947535,18.52261956521739,18.729291959269467,18.729291959269467,1.8813676008947535,1.8813676008947535
23,Log_417,16.926024826993775,72.58927516820246,0.9144025386491246,16.569338624338624,16.926024826993775,16.926024826993775,0.9144025386491246,0.9144025386491246
23,Log_418,18.307988567896565,72.86997094980777,1.460064209521851,18.096960144927536,18.307988567896565,18.307988567896565,1.460064209521851,1.460064209521851
23,Log_420,18.422137385377656,70.33899713948625,1.5742130270029402,18.16055072463768,18.422137385377656,18.422137385377656,1.5742130270029402,1.5742130270029402
23,Log_421,18.20164465718617,73.17788978784431,1.353720298811455,17.99595652173913,18.20164465718617,18.20164465718617,1.353720298811455,1.353720298811455
23,Log_422,18.29584873057101,72.41911695597993,1.4479243721962924,18.07181884057971,18.29584873057101,18.29584873057101,1.4479243721962924,1.4479243721962924
23,Log_423,18.29537997175975,71.39811285705282,1.447455613385037,18.05273550724638,18.29537997175975,18.29537997175975,1.447455613385037,1.447455613385037
23,Log_424,16.954523691842947,78.12156443951291,0.10659933346823189,16.745498188405797,16.954523691842947,16.954523691842947,0.10659933346823189,0.10659933346823189
23,Log_425,17.520133201309623,75.20283732113496,0.6722088429349069,17.291503623188405,17.520133201309623,17.520133201309623,0.6722088429349069,0.6722088429349069
23,Log_426,16.621370847051782,69.43331884285192,-0.1932917035915436,16.15191575091575,16.621370847051782,16.621370847051782,-0.1932917035915436,-0.1932917035915436
23,Log_427,18.66313988376606,68.61951822402676,1.815215525391344,18.386677536231883,18.66313988376606,18.66313988376606,1.815215525391344,1.815215525391344
23,Log_428,18.753318629938864,68.60534696030332,1.9053942715641492,18.491510869565218,18.753318629938864,18.753318629938864,1.9053942715641492,1.9053942715641492
23,Log_429,18.317763325936024,71.29776474679423,1.46983896756131,18.07481884057971,18.317763325936024,18.317763325936024,1.46983896756131,1.46983896756131
23,Log_430,17.173867512129508,77.72273085628545,0.389146031665296,16.97637222222222,17.173867512129508,17.173867512129508,0.389146031665296,0.389146031665296
23,Log_431,18.108752044211357,71.3092622262913,1.2608276858366425,17.838257246376813,18.108752044211357,18.108752044211357,1.2608276858366425,1.2608276858366425
23,Log_432,17.693828214714,72.05586541710369,0.8402942839312716,17.40062271062271,17.693828214714,17.693828214714,0.8402942839312716,0.8402942839312716
23,Log_433,17.282086931090035,74.02486259969504,0.43416257271532094,16.998826086956523,17.282086931090035,17.282086931090035,0.43416257271532094,0.43416257271532094
23,Log_434,17.705323892089968,73.11450748742513,0.857399533715251,17.440490942028987,17.705323892089968,17.705323892089968,0.857399533715251,0.857399533715251
23,Log_435,17.592131942440314,81.23603585261996,0.7442075840656007,17.528072463768115,17.592131942440314,17.592131942440314,0.7442075840656007,0.7442075840656007
23,Log_436,18.344600614452062,69.59031475049841,1.4966762560773474,18.055483695652175,18.344600614452062,18.344600614452062,1.4966762560773474,1.4966762560773474
23,Log_437,17.95073340056149,70.94750523284935,1.102809042186773,17.65414855072464,17.95073340056149,17.95073340056149,1.102809042186773,1.102809042186773
23,Log_438,18.296293301621105,70.67280828476432,1.4483689432463902,18.029434782608696,18.296293301621105,18.296293301621105,1.4483689432463902,1.4483689432463902
